,label,id,C1,banner_pos,site_id,site_domain,site_category,app_id,app_domain,app_category,device_id,device_ip,device_model,device_type,device_conn_type,C14,C15,C16,C17,C18,C19,C20,C21
541,1,659,2,0,23,142,2,116,8,0,166,1056,258,1,0,33,2,1,18,0,0,32,13
1194,0,1261,2,0,36,35,10,116,8,0,166,1672,102,1,0,97,1,2,65,2,1,12,3
1326,0,1381,2,1,46,21,2,116,8,0,166,963,63,1,0,27,2,1,18,0,0,31,13
1469,0,1515,2,1,150,73,10,116,8,0,166,1478,204,1,0,116,2,1,70,0,23,0,7
219,0,362,2,0,60,120,4,116,8,0,166,496,393,1,0,105,2,1,66,0,1,0,23
573,1,690,2,1,145,88,10,116,8,0,166,959,38,1,0,55,2,1,37,2,25,0,5
524,0,643,2,0,23,142,2,116,8,0,166,104,303,1,0,33,2,1,18,0,0,32,13
1735,0,1758,2,0,23,142,2,116,8,0,166,1249,408,1,0,31,2,1,18,0,0,0,13
1663,0,134,2,0,23,142,2,116,8,0,166,573,258,1,0,30,2,1,18,0,0,32,13
1883,0,1895,2,0,23,142,2,116,8,0,166,92,136,1,0,28,2,1,18,0,0,0,13
1703,0,1727,2,0,97,118,5,117,16,5,46,1689,229,1,2,71,2,1,47,0,0,11,23
1782,0,1803,4,1,97,118,5,38,8,1,50,603,461,2,1,134,2,1,79,3,0,0,21
1657,0,1684,2,1,15,107,10,116,8,0,166,1708,52,1,0,59,2,1,41,2,1,27,4
1291,0,1351,2,1,78,38,4,116,8,0,166,179,270,1,1,71,2,1,47,0,0,0,23
1037,0,1121,2,0,60,120,4,116,8,0,166,724,74,1,0,105,2,1,66,0,1,0,23
168,0,314,2,0,23,142,2,116,8,0,166,942,263,1,0,26,2,1,18,0,0,0,13
322,0,459,2,0,63,67,4,116,8,0,166,1354,84,1,0,73,1,2,48,2,1,5,5
794,0,893,2,0,63,67,4,116,8,0,166,1298,63,1,0,51,1,2,38,2,1,0,5
360,0,495,2,0,23,142,2,116,8,0,166,938,225,1,0,33,2,1,18,0,0,0,13
850,1,945,2,0,70,84,10,116,8,0,166,1094,258,1,0,36,2,1,23,3,7,0,3
1588,0,1622,2,0,23,142,2,116,8,0,166,112,303,1,0,33,2,1,18,0,0,32,13
1285,0,1346,2,1,64,10,10,116,8,0,166,273,258,1,0,105,2,1,66,0,1,30,23
1634,0,1662,2,0,163,52,10,116,8,0,166,149,151,1,0,110,2,1,47,0,0,0,23
632,0,746,2,0,97,118,5,118,5,1,59,152,357,1,0,70,2,1,46,3,11,53,10
67,0,222,2,0,97,118,5,121,10,1,166,197,287,1,0,130,2,1,77,3,12,38,10
247,0,389,2,0,23,142,2,116,8,0,166,1533,449,1,0,24,2,1,18,0,0,0,13
826,0,924,2,0,23,142,2,116,8,0,166,858,258,1,0,26,2,1,18,0,0,0,13
283,0,424,2,0,97,118,5,113,18,1,166,764,326,1,0,92,2,1,61,3,6,7,10
711,0,822,2,0,1,1,8,116,8,0,166,111,419,1,0,110,2,1,47,0,0,0,23
958,1,1048,2,0,60,120,4,116,8,0,166,1307,470,1,0,105,2,1,66,0,1,0,23
1005,0,1091,2,0,163,52,10,116,8,0,166,1667,366,1,0,71,2,1,47,0,0,0,23
1015,0,1101,2,0,23,142,2,116,8,0,166,353,67,1,0,24,2,1,18,0,0,0,13
1436,0,1486,2,0,23,142,2,116,8,0,166,1092,258,1,0,30,2,1,18,0,0,32,13
462,0,5,2,1,46,21,2,116,8,0,166,1379,120,1,0,33,2,1,18,0,0,0,13
1776,0,1797,2,0,97,118,5,121,10,1,166,767,339,1,0,130,2,1,77,3,12,38,10
577,0,694,2,0,60,120,4,116,8,0,166,1632,151,1,0,99,2,1,66,0,1,0,23
1354,0,1408,2,0,23,142,2,116,8,0,166,287,258,1,0,30,2,1,18,0,0,31,13
686,1,798,2,1,133,102,10,116,8,0,166,1262,125,1,0,80,2,1,49,0,21,29,8
1331,0,1386,2,0,60,120,4,116,8,0,166,122,424,1,0,105,2,1,66,0,1,0,23
918,0,74,2,0,23,142,2,116,8,0,166,1625,89,1,0,33,2,1,18,0,0,0,13
1542,0,1581,2,0,23,142,2,116,8,0,166,225,112,1,0,28,2,1,18,0,0,0,13
604,0,720,2,0,57,81,10,116,8,0,166,105,143,1,0,71,2,1,47,0,0,0,23
337,1,472,2,0,97,118,5,81,1,7,166,503,402,1,0,115,2,1,28,0,19,10,19
1059,1,1141,2,0,23,142,2,116,8,0,166,1502,123,1,1,29,2,1,18,0,0,32,13
1692,0,1716,2,0,23,142,2,116,8,0,166,766,258,1,0,32,2,1,18,0,0,0,13
536,0,654,2,0,97,118,5,48,1,1,166,818,36,1,0,130,2,1,77,3,12,38,10
933,0,1024,2,0,97,118,5,6,4,7,166,834,384,1,1,110,2,1,47,0,0,0,23
20,0,178,2,0,60,120,4,116,8,0,166,967,100,1,0,99,2,1,66,0,1,0,23
1071,0,1152,2,0,23,142,2,116,8,0,166,488,151,1,0,26,2,1,18,0,0,0,13
1805,0,1823,2,0,23,142,2,116,8,0,166,1068,112,1,0,26,2,1,18,0,0,0,13
912,0,1004,2,0,23,142,2,116,8,0,166,1263,368,1,0,31,2,1,18,0,0,32,13
1512,1,1554,2,0,23,142,2,116,8,0,166,647,120,1,0,24,2,1,18,0,0,32,13
1073,0,1154,2,0,23,142,2,116,8,0,166,966,208,1,0,27,2,1,18,0,0,0,13
1774,0,1795,2,0,23,142,2,116,8,0,166,1654,258,1,0,33,2,1,18,0,0,32,13
1553,0,122,2,0,23,142,2,116,8,0,166,1709,112,1,0,28,2,1,18,0,0,0,13
907,0,1000,2,0,1,1,8,116,8,0,166,1472,233,1,0,71,2,1,47,0,0,0,23
1623,0,1651,2,0,97,118,5,48,1,1,166,114,338,1,0,71,2,1,47,0,0,0,23
1561,0,1598,2,0,23,142,2,116,8,0,166,1670,288,1,0,27,2,1,18,0,0,32,13
42,0,200,2,0,97,118,5,109,1,4,75,477,60,1,0,33,2,1,18,0,0,0,13
66,0,221,2,1,150,73,10,116,8,0,166,1031,445,1,0,54,2,1,35,2,1,8,5
449,0,575,2,0,60,120,4,116,8,0,166,1062,419,1,0,105,2,1,66,0,1,0,23
362,0,497,2,0,97,118,5,121,10,1,166,435,289,1,0,130,2,1,77,3,12,38,10
614,1,729,1,0,108,141,5,116,8,0,38,6,273,0,0,74,2,1,50,2,13,0,9
89,0,242,2,0,23,142,2,116,8,0,166,21,120,1,0,27,2,1,18,0,0,31,13
679,0,791,2,1,66,13,10,116,8,0,166,754,225,1,0,41,2,1,29,0,16,30,21
1412,0,1462,2,0,97,118,5,82,14,1,166,15,110,1,0,130,2,1,77,3,12,38,10
38,0,196,2,0,1,1,8,116,8,0,166,549,122,1,0,71,2,1,47,0,0,0,23
724,0,833,2,0,163,52,10,116,8,0,166,859,156,1,0,110,2,1,47,0,0,0,23
1648,1,1675,2,0,23,142,2,116,8,0,166,870,74,1,0,26,2,1,18,0,0,32,13
1149,0,93,2,0,169,138,2,116,8,0,166,388,346,1,0,74,2,1,50,2,13,0,9
1166,0,1235,2,1,145,88,10,116,8,0,166,1173,449,1,0,55,2,1,37,2,25,0,5
1949,0,1956,2,0,23,142,2,116,8,0,166,165,114,1,0,28,2,1,18,0,0,32,13
464,1,588,2,1,150,73,10,116,8,0,166,1098,151,1,0,43,2,1,32,2,1,0,2
1091,0,1167,4,1,97,118,5,98,8,1,83,570,229,2,0,134,2,1,79,3,0,18,21
1116,1,1190,2,0,23,142,2,116,8,0,166,1529,112,1,0,27,2,1,18,0,0,0,13
1601,0,1631,2,1,96,44,10,116,8,0,166,241,225,1,0,36,2,1,23,3,7,26,3
1337,0,1391,2,1,150,73,10,116,8,0,166,1728,151,1,0,102,2,1,66,0,1,0,23
1454,0,1504,2,0,23,142,2,116,8,0,166,1257,71,1,0,32,2,1,18,0,0,32,13
1696,0,1720,2,0,23,142,2,116,8,0,166,501,151,1,0,33,2,1,18,0,0,0,13
1016,1,1102,2,0,23,142,2,116,8,0,166,1121,213,1,0,26,2,1,18,0,0,0,13
141,0,289,2,0,23,142,2,116,8,0,166,32,258,1,0,27,2,1,18,0,0,0,13
191,1,336,2,0,63,67,4,116,8,0,166,1742,122,1,0,73,1,2,48,2,1,0,5
453,0,579,2,0,60,120,4,116,8,0,166,1183,462,1,0,99,2,1,66,0,1,0,23
1920,0,1930,2,0,23,142,2,116,8,0,166,1621,408,1,0,30,2,1,18,0,0,31,13
1182,0,95,2,0,23,142,2,116,8,0,166,202,121,1,1,30,2,1,18,0,0,32,13
297,0,435,2,0,97,118,5,100,1,4,195,451,324,1,0,106,2,1,19,3,24,20,18
1917,0,1927,2,0,23,142,2,116,8,0,166,1590,112,1,0,24,2,1,18,0,0,0,13
1828,1,1845,2,0,23,142,2,116,8,0,166,494,63,1,0,26,2,1,18,0,0,0,13
1213,1,1280,1,0,95,118,5,116,8,0,119,702,396,0,0,125,2,1,75,3,9,68,22
1830,0,1847,2,0,60,120,4,116,8,0,166,610,419,1,0,102,2,1,66,0,1,0,23
1211,0,1278,2,0,100,30,7,116,8,0,166,1499,86,1,0,15,2,1,9,3,15,3,10
754,0,860,2,0,23,142,2,116,8,0,166,1125,213,1,0,29,2,1,18,0,0,31,13
697,1,808,2,0,23,142,2,116,8,0,166,1698,258,1,0,29,2,1,18,0,0,0,13
950,0,1041,2,1,22,78,2,116,8,0,166,1588,151,1,0,60,2,1,42,2,1,0,4
1487,0,1532,2,0,23,142,2,116,8,0,166,320,154,1,0,31,2,1,18,0,0,32,13
1747,0,1770,1,0,37,118,5,116,8,0,235,1268,411,0,0,134,2,1,79,3,0,0,21
926,0,1017,2,0,93,49,10,116,8,0,166,1691,383,1,0,37,2,1,24,3,1,51,3
318,0,455,2,0,23,142,2,116,8,0,166,32,60,1,0,24,2,1,18,0,0,0,13
551,1,50,2,1,46,21,2,116,8,0,166,813,372,1,0,32,2,1,18,0,0,31,13
1577,0,1613,2,1,66,13,10,116,8,0,166,1359,202,1,0,41,2,1,29,0,16,30,21
425,0,552,2,0,97,118,5,121,10,1,166,1369,127,1,0,108,2,1,68,3,6,7,10
1631,0,1659,2,0,40,92,10,116,8,0,166,932,203,1,0,75,1,2,50,2,13,0,9
984,1,1072,2,0,23,142,2,116,8,0,166,953,213,1,0,29,2,1,18,0,0,0,13
1315,0,1371,2,0,97,118,5,121,10,1,166,791,287,1,0,78,2,1,53,3,15,1,10
1779,0,1800,2,0,97,118,5,43,1,1,146,58,25,1,0,130,2,1,77,3,12,38,10
424,0,551,2,0,23,142,2,116,8,0,166,1283,258,1,0,29,2,1,18,0,0,31,13
1010,1,1096,2,0,23,142,2,116,8,0,166,373,451,1,0,29,2,1,18,0,0,0,13
1919,0,1929,2,0,97,118,5,70,13,3,190,1178,322,1,0,130,2,1,77,3,12,38,10
1538,1,1577,2,0,23,142,2,116,8,0,166,29,313,1,0,27,2,1,18,0,0,0,13
929,1,1020,2,0,23,142,2,116,8,0,166,1320,303,1,0,27,2,1,18,0,0,0,13
1720,0,1743,2,0,23,142,2,116,8,0,166,1304,120,1,0,29,2,1,18,0,0,0,13
800,1,899,2,0,23,142,2,116,8,0,166,1319,260,1,0,30,2,1,18,0,0,0,13
1981,0,1983,2,0,23,142,2,116,8,0,166,898,370,1,0,27,2,1,18,0,0,31,13
482,0,46,2,0,23,142,2,116,8,0,166,1530,465,1,0,30,2,1,18,0,0,32,13
1085,0,1162,2,0,23,142,2,116,8,0,166,40,63,1,0,29,2,1,18,0,0,31,13
1311,1,1367,2,1,135,73,10,116,8,0,166,962,5,1,0,103,0,0,66,0,1,0,23
518,0,637,2,0,23,142,2,116,8,0,166,1138,258,1,0,27,2,1,18,0,0,0,13
1771,0,1793,2,1,46,21,2,116,8,0,166,1117,154,1,0,24,2,1,18,0,0,32,13
1612,0,1641,2,1,16,5,10,116,8,0,166,831,394,1,0,79,2,1,49,0,21,0,8
1796,0,1814,2,0,97,118,5,110,6,1,215,1653,1,1,0,111,2,1,71,3,1,0,3
1900,0,1911,2,0,74,67,4,116,8,0,166,966,260,1,0,88,1,2,57,2,1,0,3
1447,1,1497,2,0,23,142,2,116,8,0,166,198,229,1,0,32,2,1,18,0,0,0,13
1839,0,1856,2,0,23,142,2,116,8,0,166,766,359,1,1,26,2,1,18,0,0,0,13
1204,0,1271,2,0,23,142,2,116,8,0,166,93,359,1,1,26,2,1,18,0,0,32,13
1340,0,1394,2,0,97,118,5,80,18,1,166,73,326,1,0,120,2,1,69,0,17,64,7
225,0,368,4,1,97,118,5,98,8,1,201,172,468,3,0,134,2,1,79,3,0,69,21
147,0,294,2,1,150,73,10,116,8,0,166,1164,250,1,0,101,0,0,66,0,1,0,23
378,0,512,2,0,57,81,10,116,8,0,166,1734,313,1,0,110,2,1,47,0,0,61,23
1998,0,158,1,0,97,118,5,96,8,0,192,890,236,0,0,59,2,1,41,2,1,28,4
301,0,439,2,0,97,118,5,12,1,7,166,1479,393,1,0,110,2,1,47,0,0,0,23
1008,0,1094,2,1,145,88,10,116,8,0,166,492,213,1,0,50,2,1,37,2,25,32,5
1580,0,1616,2,0,23,142,2,116,8,0,166,56,238,1,0,30,2,1,18,0,0,0,13
30,0,188,2,0,97,118,5,56,1,4,105,966,244,1,2,33,2,1,18,0,0,0,13
1050,0,1133,2,0,23,142,2,116,8,0,166,1546,258,1,0,33,2,1,18,0,0,0,13
1495,0,1540,2,0,23,142,2,116,8,0,166,785,370,1,0,29,2,1,18,0,0,0,13
540,1,658,2,1,150,73,10,116,8,0,166,1584,63,1,0,105,2,1,66,0,1,0,23
73,0,227,2,0,23,142,2,116,8,0,166,970,63,1,0,32,2,1,18,0,0,0,13
64,0,220,2,0,60,120,4,116,8,0,166,1072,74,1,0,102,2,1,66,0,1,0,23
1178,0,1247,1,0,95,118,5,116,8,0,189,345,113,0,0,139,2,1,81,3,7,54,3
1199,0,1266,2,0,163,52,10,116,8,0,166,950,196,1,0,71,2,1,47,0,0,0,23
202,0,346,1,0,159,147,5,116,8,0,180,713,134,0,0,93,1,1,62,0,7,26,2
1642,0,1670,2,0,23,142,2,116,8,0,166,394,258,1,0,28,2,1,18,0,0,0,13
1639,0,1667,2,0,97,118,5,121,10,1,166,1191,287,1,0,130,2,1,77,3,12,38,10
702,0,813,2,0,23,142,2,116,8,0,166,1177,120,1,0,32,2,1,18,0,0,31,13
1053,0,1136,4,1,97,118,5,88,8,1,139,322,461,2,0,134,2,1,79,3,0,0,21
1939,0,1947,2,0,23,142,2,116,8,0,166,1440,123,1,1,31,2,1,18,0,0,0,13
91,0,244,2,0,23,142,2,116,8,0,166,258,408,1,0,30,2,1,18,0,0,31,13
144,0,291,2,0,1,1,8,116,8,0,166,824,458,1,0,71,2,1,47,0,0,0,23
539,0,657,2,0,23,142,2,116,8,0,166,852,151,1,0,30,2,1,18,0,0,0,13
1841,0,1858,2,0,23,142,2,116,8,0,166,611,8,1,0,29,2,1,18,0,0,0,13
1478,1,1524,2,0,97,118,5,24,1,7,166,126,419,1,0,110,2,1,47,0,0,0,23
1872,1,1886,2,0,69,23,10,116,8,0,166,1541,213,1,0,24,2,1,18,0,0,32,13
663,0,775,2,0,97,118,5,110,6,1,200,889,483,1,0,9,2,1,6,2,1,17,4
370,1,505,2,0,23,142,2,116,8,0,166,1447,313,1,0,29,2,1,18,0,0,0,13
1170,1,1239,2,0,54,146,10,116,8,0,166,204,34,1,0,102,2,1,66,0,1,0,23
1523,0,1564,2,0,97,118,5,121,10,1,166,944,326,1,0,130,2,1,77,3,12,38,10
756,0,862,2,1,150,73,10,116,8,0,166,1534,247,1,0,43,2,1,32,2,1,0,2
1618,1,1647,2,0,23,142,2,116,8,0,166,661,230,1,1,28,2,1,18,0,0,0,13
353,0,488,4,1,97,118,5,92,8,1,204,566,461,2,1,99,2,1,66,0,1,0,23
1651,0,1678,2,1,145,88,10,116,8,0,166,1456,258,1,0,24,2,1,18,0,0,0,13
1893,0,1904,2,0,23,142,2,116,8,0,166,574,419,1,0,28,2,1,18,0,0,0,13
1737,0,1760,2,0,18,50,10,116,8,0,166,390,279,1,0,99,2,1,66,0,1,0,23
32,1,190,2,0,23,142,2,116,8,0,166,1144,155,1,0,33,2,1,18,0,0,31,13
1189,0,1257,2,0,97,118,5,121,10,1,166,1389,326,1,0,78,2,1,53,3,15,1,10
183,0,328,2,1,46,21,2,116,8,0,166,1145,419,1,0,83,2,1,23,3,7,29,3
746,0,853,2,0,1,1,8,116,8,0,166,374,229,1,0,71,2,1,47,0,0,0,23
810,0,909,2,0,23,142,2,116,8,0,166,1522,258,1,0,29,2,1,18,0,0,32,13
416,0,543,2,0,97,118,5,71,1,2,58,1516,237,1,1,71,2,1,47,0,0,0,23
599,1,715,2,0,63,67,4,116,8,0,166,1053,357,1,0,90,1,2,59,2,0,27,3
397,0,528,1,0,31,118,5,116,8,0,102,1118,174,0,0,74,2,1,50,2,13,65,9
1727,0,1750,2,0,23,142,2,116,8,0,166,1160,154,1,0,29,2,1,18,0,0,0,13
1192,1,96,2,1,145,88,10,116,8,0,166,405,370,1,0,55,2,1,37,2,25,0,5
1228,0,1295,2,0,97,118,5,121,10,1,166,680,343,1,0,130,2,1,77,3,12,38,10
1591,0,127,2,0,169,138,2,116,8,0,166,244,226,1,0,74,2,1,50,2,13,0,9
240,0,382,2,0,97,118,5,22,1,5,27,1096,154,1,2,31,2,1,18,0,0,32,13
1687,0,1711,2,0,23,142,2,116,8,0,166,1390,225,1,0,30,2,1,18,0,0,0,13
1605,0,1635,2,0,23,142,2,116,8,0,166,873,226,1,0,14,2,1,8,2,0,42,4
514,0,633,2,0,23,142,2,116,8,0,166,1160,327,1,0,33,2,1,18,0,0,0,13
1500,0,1544,2,1,150,73,10,116,8,0,166,144,189,1,0,118,2,1,70,0,23,67,7
656,1,768,2,0,23,142,2,116,8,0,166,615,114,1,0,27,2,1,18,0,0,0,13
737,0,845,2,0,23,142,2,116,8,0,166,463,406,1,0,27,2,1,18,0,0,0,13
1817,0,1835,2,0,116,65,10,116,8,0,166,1753,419,1,0,99,2,1,66,0,1,0,23
626,0,740,2,0,23,142,2,116,8,0,166,1344,112,1,0,33,2,1,18,0,0,0,13
1885,0,147,4,1,97,118,5,38,8,1,22,490,461,2,2,134,2,1,79,3,0,0,21
1276,0,1339,2,0,97,118,5,48,1,1,166,784,186,1,0,110,2,1,47,0,0,47,23
1525,0,1566,2,0,97,118,5,113,18,1,166,843,390,1,0,92,2,1,61,3,6,7,10
1449,0,1499,2,0,23,142,2,116,8,0,166,1669,229,1,0,26,2,1,18,0,0,0,13
1491,0,1536,2,0,63,67,4,116,8,0,166,1419,370,1,0,52,1,2,38,2,1,0,5
1258,0,1323,2,0,97,118,5,110,6,1,166,1509,63,1,0,12,2,1,6,2,1,0,4
1185,0,1253,2,0,23,142,2,116,8,0,166,207,112,1,0,32,2,1,18,0,0,0,13
1121,0,1195,2,0,97,118,5,120,1,1,166,378,322,1,0,18,2,1,13,2,1,40,0
170,1,316,2,1,145,88,10,116,8,0,166,128,250,1,0,50,2,1,37,2,25,31,5
1102,0,1178,2,0,23,142,2,116,8,0,166,528,313,1,0,28,2,1,18,0,0,31,13
1002,0,1088,2,0,23,142,2,116,8,0,166,798,392,1,0,27,2,1,18,0,0,0,13
961,0,1051,2,0,75,127,11,116,8,0,166,1464,110,1,0,131,2,1,78,3,12,38,10
1503,0,13,2,0,23,142,2,116,8,0,166,1630,313,1,0,32,2,1,18,0,0,32,13
1338,0,1392,2,0,23,142,2,116,8,0,166,634,313,1,0,26,2,1,18,0,0,31,13
1632,0,1660,2,0,74,67,4,116,8,0,166,1097,250,1,0,51,1,2,38,2,1,0,5
740,0,848,2,0,23,142,2,116,8,0,166,953,260,1,0,27,2,1,18,0,0,0,13
1896,0,1907,2,0,23,142,2,116,8,0,166,445,161,1,0,24,2,1,18,0,0,0,13
981,0,1069,2,0,97,118,5,26,1,1,137,124,222,1,0,56,2,1,40,3,4,0,22
841,0,938,2,0,23,142,2,116,8,0,166,997,63,1,0,26,2,1,18,0,0,0,13
1416,0,1466,2,0,23,142,2,116,8,0,166,208,75,1,0,27,2,1,18,0,0,0,13
1590,0,1623,2,0,23,142,2,116,8,0,166,302,170,1,1,32,2,1,18,0,0,0,13
932,1,1023,2,0,97,118,5,115,1,1,170,1258,308,1,1,71,2,1,47,0,0,0,23
1918,0,1928,2,0,97,118,5,119,1,1,166,1158,63,1,0,97,1,2,65,2,1,12,3
312,1,450,2,0,23,142,2,116,8,0,166,177,213,1,0,32,2,1,18,0,0,0,13
160,0,306,2,0,97,118,5,110,6,1,181,557,67,1,0,6,2,1,4,2,1,44,4
1897,0,1908,2,0,163,52,10,116,8,0,166,742,47,1,0,71,2,1,47,0,0,61,23
909,0,1002,2,0,21,140,3,116,8,0,166,268,17,1,0,110,2,1,47,0,0,0,23
223,0,366,2,0,23,142,2,116,8,0,166,409,63,1,0,26,2,1,18,0,0,32,13
371,0,506,2,0,23,142,2,116,8,0,166,82,1,1,0,32,2,1,18,0,0,32,13
1289,0,1350,2,0,23,142,2,116,8,0,166,318,258,1,0,31,2,1,18,0,0,32,13
1903,0,1914,2,0,23,142,2,116,8,0,166,140,187,1,0,33,2,1,18,0,0,0,13
622,1,53,2,0,23,142,2,116,8,0,166,642,63,1,0,32,2,1,18,0,0,0,13
1797,0,1815,2,0,174,58,4,116,8,0,166,476,4,1,0,102,2,1,66,0,1,0,23
1247,1,1313,2,0,23,142,2,116,8,0,166,730,327,1,0,28,2,1,18,0,0,31,13
797,0,896,2,1,150,73,10,116,8,0,166,442,151,1,0,99,2,1,66,0,1,0,23
265,0,407,2,0,163,52,10,116,8,0,166,1435,63,1,0,110,2,1,47,0,0,0,23
916,1,1008,2,0,91,90,7,116,8,0,166,644,258,1,0,32,2,1,18,0,0,0,13
394,0,525,2,0,23,142,2,116,8,0,166,599,64,1,0,26,2,1,18,0,0,0,13
1516,0,1558,2,0,66,13,10,116,8,0,166,1706,437,1,0,41,2,1,29,0,16,30,21
817,0,916,2,0,60,120,4,116,8,0,166,833,100,1,0,99,2,1,66,0,1,0,23
291,0,431,2,0,97,118,5,107,2,1,166,1030,261,1,0,65,2,1,12,3,30,46,10
1437,0,1487,2,0,60,120,4,116,8,0,166,1481,74,1,0,102,2,1,66,0,1,0,23
1778,0,1799,2,0,23,142,2,116,8,0,166,1143,419,1,0,24,2,1,18,0,0,32,13
1207,0,1274,2,0,136,109,10,116,8,0,166,175,251,1,0,110,2,1,47,0,0,0,23
179,0,324,4,1,97,118,5,74,8,1,161,321,61,2,0,134,2,1,79,3,0,0,21
1803,0,1821,2,0,23,142,2,116,8,0,166,804,119,1,0,26,2,1,18,0,0,32,13
537,0,655,2,0,23,142,2,116,8,0,166,198,63,1,0,26,2,1,18,0,0,0,13
683,0,795,2,0,97,118,5,121,10,1,166,248,287,1,0,130,2,1,77,3,12,38,10
171,0,317,2,1,153,2,3,116,8,0,166,444,129,1,0,131,2,1,78,3,12,38,10
1931,0,1940,2,0,23,142,2,116,8,0,166,1009,449,1,0,28,2,1,18,0,0,0,13
653,0,765,2,0,23,142,2,116,8,0,166,427,482,1,0,33,2,1,18,0,0,0,13
519,0,638,2,0,23,142,2,116,8,0,166,237,63,1,0,33,2,1,18,0,0,0,13
601,0,717,2,0,97,118,5,80,18,1,166,1233,326,1,0,119,2,1,69,0,17,64,7
1428,0,1478,2,0,23,142,2,116,8,0,166,198,34,1,0,31,2,1,18,0,0,0,13
1751,0,137,2,0,97,118,5,110,6,1,4,1637,443,1,0,57,2,1,40,3,4,0,22
1018,0,1104,2,0,97,118,5,22,1,5,223,872,229,1,1,110,2,1,47,0,0,40,23
1600,0,1630,2,1,11,14,4,116,8,0,166,513,270,1,1,110,2,1,47,0,0,0,23
1740,0,1763,2,0,23,142,2,116,8,0,166,141,370,1,0,31,2,1,18,0,0,0,13
650,1,762,2,0,23,142,2,116,8,0,166,56,74,1,0,29,2,1,18,0,0,0,13
1442,0,1492,2,0,23,142,2,116,8,0,166,699,258,1,0,26,2,1,18,0,0,32,13
998,0,1084,2,0,23,142,2,116,8,0,166,1016,112,1,0,28,2,1,18,0,0,0,13
1372,1,1424,2,0,97,118,5,81,1,7,166,408,84,1,0,112,2,1,71,3,1,0,3
987,1,1075,2,0,60,120,4,116,8,0,166,610,419,1,0,102,2,1,66,0,1,0,23
778,0,881,2,0,169,138,2,116,8,0,166,746,226,1,0,74,2,1,50,2,13,0,9
1988,0,1989,2,1,156,116,10,116,8,0,166,694,409,1,0,94,2,1,63,0,21,30,8
638,0,752,1,0,68,83,5,116,8,0,60,659,218,0,0,74,2,1,50,2,13,0,9
634,0,748,2,0,97,118,5,48,1,1,166,866,124,1,0,130,2,1,77,3,12,38,10
158,0,304,2,1,105,72,3,116,8,0,166,850,80,1,0,71,2,1,47,0,0,0,23
1781,0,1802,1,0,65,118,5,116,8,0,29,1225,223,0,0,146,2,1,82,3,3,45,6
960,0,1050,2,0,74,67,4,116,8,0,166,1080,489,1,0,72,1,2,48,2,1,64,5
1597,0,128,2,0,97,118,5,39,14,1,166,484,58,1,0,78,2,1,53,3,15,1,10
492,1,48,2,0,23,142,2,116,8,0,166,997,303,1,0,26,2,1,18,0,0,0,13
1083,1,1160,2,1,171,143,6,116,8,0,166,246,270,1,1,110,2,1,47,0,0,0,23
1810,0,1828,2,0,23,142,2,116,8,0,166,1601,419,1,0,27,2,1,18,0,0,0,13
1891,0,1902,2,0,23,142,2,116,8,0,166,471,151,1,0,30,2,1,18,0,0,0,13
28,0,186,2,0,60,120,4,116,8,0,166,553,419,1,0,105,2,1,66,0,1,0,23
227,1,370,2,0,23,142,2,116,8,0,166,32,161,1,0,28,2,1,18,0,0,0,13
1559,0,1596,2,0,97,118,5,68,13,4,166,655,110,1,0,130,2,1,77,3,12,38,10
1682,0,1706,2,0,97,118,5,48,1,1,166,896,358,1,0,130,2,1,77,3,12,38,10
944,0,1035,2,0,23,142,2,116,8,0,166,221,178,1,1,30,2,1,18,0,0,32,13
1768,0,1790,2,1,145,88,10,116,8,0,166,1620,258,1,0,30,2,1,18,0,0,0,13
1946,1,151,2,0,23,142,2,116,8,0,166,778,368,1,0,26,2,1,18,0,0,0,13
1979,0,1981,2,0,23,142,2,116,8,0,166,728,151,1,0,32,2,1,18,0,0,0,13
1680,0,1704,2,1,148,66,10,116,8,0,166,1458,362,1,0,111,2,1,71,3,1,0,3
1488,0,1533,1,0,80,118,5,116,8,0,218,700,218,0,0,134,2,1,79,3,0,0,21
289,0,31,2,0,60,120,4,116,8,0,166,626,419,1,0,102,2,1,66,0,1,0,23
747,0,60,1,0,81,39,5,116,8,0,108,722,72,0,0,41,2,1,29,0,16,0,21
1517,0,1559,2,0,1,1,8,116,8,0,166,1041,387,1,0,110,2,1,47,0,0,0,23
1312,0,1368,2,0,52,56,2,116,8,0,166,1064,439,1,1,61,2,1,43,3,1,0,3
935,0,1026,2,0,163,52,10,116,8,0,166,305,371,1,0,71,2,1,47,0,0,0,23
1533,0,120,2,0,23,142,2,116,8,0,166,194,488,1,1,28,2,1,18,0,0,32,13
848,0,943,2,0,23,142,2,116,8,0,166,266,121,1,1,28,2,1,18,0,0,32,13
1501,1,1545,2,0,97,118,5,120,1,1,166,358,3,1,0,18,2,1,13,2,1,0,0
699,0,810,2,0,23,142,2,116,8,0,166,1716,467,1,0,26,2,1,18,0,0,32,13
1843,0,1860,2,0,23,142,2,116,8,0,166,1497,488,1,1,31,2,1,18,0,0,0,13
1887,0,1898,2,0,23,142,2,116,8,0,166,1577,458,1,0,31,2,1,18,0,0,0,13
1420,1,1470,2,0,23,142,2,116,8,0,166,447,112,1,0,31,2,1,18,0,0,0,13
838,0,936,2,0,97,118,5,48,1,1,166,827,331,1,0,130,2,1,77,3,12,38,10
1012,0,1098,2,0,97,118,5,121,10,1,166,1088,127,1,0,108,2,1,68,3,6,7,10
133,0,282,2,1,150,73,10,116,8,0,166,1162,225,1,0,105,2,1,66,0,1,0,23
1827,0,1844,2,0,23,142,2,116,8,0,166,80,451,1,0,33,2,1,18,0,0,31,13
1820,0,1837,2,0,60,120,4,116,8,0,166,384,297,1,0,99,2,1,66,0,1,0,23
476,0,598,2,0,23,142,2,116,8,0,166,157,258,1,0,28,2,1,18,0,0,32,13
1653,0,1680,2,0,23,142,2,116,8,0,166,1614,258,1,0,27,2,1,18,0,0,32,13
904,0,998,2,0,120,77,10,116,8,0,166,1683,276,1,0,105,2,1,66,0,1,0,23
44,1,202,1,0,95,118,5,116,8,0,115,428,396,0,0,133,2,1,75,3,9,68,22
847,0,942,2,0,97,118,5,5,0,1,166,440,316,1,0,110,2,1,47,0,0,0,23
559,0,676,2,0,1,1,8,116,8,0,166,1377,187,1,0,71,2,1,47,0,0,0,23
1494,0,1539,2,0,97,118,5,27,1,1,127,945,487,1,0,106,2,1,19,3,24,20,18
1770,0,1792,3,0,97,118,5,91,3,4,199,1505,201,1,1,92,2,1,61,3,6,7,10
1784,0,1804,2,0,97,118,5,94,1,7,112,579,123,1,1,110,2,1,47,0,0,0,23
610,0,725,2,0,60,120,4,116,8,0,166,606,457,1,0,102,2,1,66,0,1,0,23
1610,1,1640,2,0,60,120,4,116,8,0,166,811,229,1,0,99,2,1,66,0,1,0,23
1439,1,1489,2,0,23,142,2,116,8,0,166,521,260,1,0,31,2,1,18,0,0,32,13
407,1,535,2,0,63,67,4,116,8,0,166,1214,233,1,0,51,1,2,38,2,1,31,5
1556,0,1593,2,0,23,142,2,116,8,0,166,1539,258,1,0,28,2,1,18,0,0,32,13
1130,0,1204,2,0,23,142,2,116,8,0,166,1279,472,1,0,28,2,1,18,0,0,32,13
709,0,820,2,0,97,118,5,115,1,1,228,1112,250,1,0,42,2,1,31,2,1,0,0
1076,0,1156,2,0,23,142,2,116,8,0,166,1076,63,1,0,31,2,1,18,0,0,0,13
1046,0,1129,2,0,23,142,2,116,8,0,166,1429,171,1,0,28,2,1,18,0,0,0,13
1611,0,130,2,0,60,120,4,116,8,0,166,1296,419,1,0,102,2,1,66,0,1,0,23
948,1,1039,2,0,23,142,2,116,8,0,166,379,475,1,0,31,2,1,18,0,0,0,13
1575,0,1611,2,1,64,10,10,116,8,0,166,167,208,1,0,36,2,1,23,3,7,0,3
22,0,180,2,0,60,120,4,116,8,0,166,1134,183,1,0,105,2,1,66,0,1,0,23
423,0,550,2,1,150,73,10,116,8,0,166,286,410,1,0,43,2,1,32,2,1,0,2
755,0,861,2,0,145,88,10,116,8,0,166,1043,250,1,0,28,2,1,18,0,0,0,13
65,1,18,2,0,23,142,2,116,8,0,166,260,165,1,0,33,2,1,18,0,0,32,13
655,0,767,2,0,97,118,5,89,14,1,166,431,419,1,0,21,2,1,16,2,4,26,0
1527,0,1568,2,0,97,118,5,81,1,7,166,777,358,1,0,111,2,1,71,3,1,0,3
684,0,796,2,1,145,88,10,116,8,0,166,226,370,1,0,55,2,1,37,2,25,0,5
1616,0,1645,2,0,97,118,5,110,6,1,166,1207,226,1,0,14,2,1,8,2,0,41,4
870,0,965,2,0,5,25,3,116,8,0,166,1276,84,1,0,71,2,1,47,0,0,42,23
1991,0,1992,2,1,55,31,4,116,8,0,166,1260,142,1,0,80,2,1,49,0,21,30,8
1479,0,1525,2,0,17,108,10,116,8,0,166,1674,258,1,0,71,2,1,47,0,0,0,23
1656,0,1683,2,0,93,49,10,116,8,0,166,1691,383,1,0,37,2,1,24,3,1,51,3
114,1,265,2,0,23,142,2,116,8,0,166,1620,313,1,0,30,2,1,18,0,0,0,13
1621,0,1649,2,0,23,142,2,116,8,0,166,1280,303,1,0,27,2,1,18,0,0,32,13
131,0,280,2,0,97,118,5,73,8,0,166,1002,473,1,0,53,2,1,39,1,2,19,12
1965,0,1969,2,1,96,44,10,116,8,0,166,1550,419,1,0,80,2,1,49,0,21,26,8
545,0,663,2,0,23,142,2,116,8,0,166,1205,112,1,0,28,2,1,18,0,0,0,13
723,0,832,2,0,145,88,10,116,8,0,166,578,419,1,0,60,2,1,42,2,1,0,4
71,0,225,2,0,60,120,4,116,8,0,166,727,419,1,0,99,2,1,66,0,1,0,23
1200,0,1267,2,0,40,92,10,116,8,0,166,1565,74,1,0,75,1,2,50,2,13,9,9
621,0,736,2,1,96,44,10,116,8,0,166,30,313,1,0,36,2,1,23,3,7,26,3
718,0,828,4,1,97,118,5,122,8,1,154,119,461,2,0,134,2,1,79,3,0,0,21
1110,0,1184,2,0,97,118,5,109,1,4,166,1719,357,1,0,10,2,1,6,2,1,0,4
1818,0,1836,2,0,23,142,2,116,8,0,166,1390,303,1,0,29,2,1,18,0,0,0,13
1777,0,1798,2,0,63,67,4,116,8,0,166,256,151,1,0,52,1,2,38,2,1,0,5
234,0,376,2,0,23,142,2,116,8,0,166,1330,62,1,0,24,2,1,18,0,0,31,13
151,0,298,2,0,97,118,5,55,1,1,166,1717,368,1,0,56,2,1,40,3,4,0,22
1382,0,1434,2,0,23,142,2,116,8,0,166,387,34,1,0,28,2,1,18,0,0,0,13
586,0,703,2,0,23,142,2,116,8,0,166,401,67,1,0,28,2,1,18,0,0,0,13
83,0,236,2,0,23,142,2,116,8,0,166,314,467,1,0,27,2,1,18,0,0,31,13
385,0,39,2,0,23,142,2,116,8,0,166,1160,327,1,0,27,2,1,18,0,0,0,13
218,0,361,2,0,23,142,2,116,8,0,166,257,449,1,0,30,2,1,18,0,0,32,13
1671,0,1696,2,0,28,139,4,116,8,0,166,681,178,1,1,105,2,1,66,0,1,35,23
246,0,388,2,0,98,124,4,116,8,0,166,1242,252,1,0,79,2,1,49,0,21,26,8
1594,0,1626,2,0,132,33,8,116,8,0,166,222,313,1,0,8,2,1,5,3,4,32,3
381,0,37,2,0,23,142,2,116,8,0,166,1379,447,1,0,33,2,1,18,0,0,0,13
1067,0,83,1,0,107,86,5,116,8,0,231,1266,19,0,0,128,2,1,76,0,6,70,15
486,0,47,2,0,23,142,2,116,8,0,166,766,467,1,0,33,2,1,18,0,0,0,13
1317,0,1373,2,0,23,142,2,116,8,0,166,803,419,1,0,27,2,1,18,0,0,0,13
162,0,308,2,0,97,118,5,12,1,7,166,63,119,1,0,110,2,1,47,0,0,0,23
894,1,988,2,0,23,142,2,116,8,0,166,386,213,1,0,27,2,1,18,0,0,0,13
1963,1,1967,2,0,23,142,2,116,8,0,166,1403,408,1,0,33,2,1,18,0,0,0,13
1173,0,1242,2,1,145,88,10,116,8,0,166,633,114,1,0,55,2,1,37,2,25,0,5
1633,0,1661,2,0,23,142,2,116,8,0,166,174,419,1,0,32,2,1,18,0,0,0,13
765,0,869,2,0,97,118,5,22,1,5,160,1071,416,1,1,71,2,1,47,0,0,44,23
24,0,182,2,0,23,142,2,116,8,0,166,1613,408,1,0,31,2,1,18,0,0,31,13
409,0,537,2,0,23,142,2,116,8,0,166,601,225,1,0,28,2,1,18,0,0,0,13
823,1,921,2,1,150,73,10,116,8,0,166,947,444,1,0,103,0,0,66,0,1,0,23
654,0,766,2,1,156,116,10,116,8,0,166,1559,252,1,0,94,2,1,63,0,21,30,8
1319,0,1375,2,0,1,1,8,116,8,0,166,1729,122,1,0,110,2,1,47,0,0,61,23
1466,0,1512,2,0,111,54,10,116,8,0,166,966,87,1,0,107,1,2,67,3,1,0,3
245,0,387,2,0,97,118,5,100,1,4,106,900,229,1,0,106,2,1,19,3,24,20,18
56,0,214,2,1,150,73,10,116,8,0,166,69,392,1,0,113,2,1,71,3,1,0,3
433,0,560,2,0,163,52,10,116,8,0,166,1594,136,1,0,110,2,1,47,0,0,61,23
1760,0,1782,2,0,23,142,2,116,8,0,166,857,213,1,0,28,2,1,18,0,0,0,13
1583,0,124,2,1,46,21,2,116,8,0,166,1139,69,1,0,24,2,1,18,0,0,0,13
1850,0,1864,1,0,97,118,5,37,8,0,179,306,364,0,0,122,2,1,73,0,8,37,15
437,0,564,2,0,97,118,5,121,10,1,166,1540,398,1,0,130,2,1,77,3,12,38,10
1219,0,1286,2,0,60,120,4,116,8,0,166,928,465,1,0,105,2,1,66,0,1,0,23
940,0,1031,2,0,60,120,4,116,8,0,166,1184,419,1,0,102,2,1,66,0,1,0,23
375,0,510,2,0,23,142,2,116,8,0,166,1075,123,1,1,32,2,1,18,0,0,0,13
502,0,621,2,1,104,63,10,116,8,0,166,64,258,1,0,71,2,1,47,0,0,0,23
244,0,386,2,0,2,17,10,116,8,0,166,969,63,1,0,110,2,1,47,0,0,0,23
674,1,786,2,0,23,142,2,116,8,0,166,936,419,1,0,24,2,1,18,0,0,32,13
627,0,741,2,1,170,121,10,116,8,0,166,592,258,1,0,71,2,1,47,0,0,0,23
1079,0,86,2,1,96,44,10,116,8,0,166,946,303,1,0,36,2,1,23,3,7,0,3
358,0,493,2,0,5,25,3,116,8,0,166,1058,229,1,0,71,2,1,47,0,0,0,23
798,1,897,1,0,97,118,5,37,8,0,73,741,446,0,0,132,2,1,75,3,9,68,22
43,0,201,4,1,97,118,5,88,8,1,132,1108,442,2,0,134,2,1,79,3,0,0,21
188,1,333,2,1,145,88,10,116,8,0,166,1745,313,1,0,50,2,1,37,2,25,0,5
163,1,309,2,1,150,73,10,116,8,0,166,622,419,1,0,99,2,1,66,0,1,0,23
1221,0,1288,4,1,97,118,5,122,8,1,139,322,461,2,0,134,2,1,79,3,0,0,21
661,0,773,2,0,97,118,5,110,6,1,220,607,96,1,0,112,2,1,71,3,1,0,3
342,0,477,2,0,97,118,5,80,18,1,166,1713,216,1,0,120,2,1,69,0,17,63,7
1075,0,84,2,0,23,142,2,116,8,0,166,1294,244,1,0,27,2,1,18,0,0,31,13
1030,0,80,2,0,23,142,2,116,8,0,166,1658,149,1,0,30,2,1,18,0,0,31,13
821,0,920,2,0,97,118,5,75,18,1,166,1741,469,1,0,53,2,1,39,1,2,19,12
607,0,722,1,0,81,39,5,116,8,0,43,209,302,0,0,41,2,1,29,0,16,28,21
843,0,939,2,0,1,1,8,116,8,0,166,515,60,1,0,71,2,1,47,0,0,0,23
1099,0,1175,2,0,0,54,10,116,8,0,166,1019,431,1,0,110,2,1,47,0,0,41,23
1395,0,1446,2,1,150,73,10,116,8,0,166,1662,213,1,0,49,2,1,36,2,1,32,5
1184,1,1252,1,0,95,118,5,116,8,0,33,117,396,0,0,132,2,1,75,3,9,68,22
1744,0,1767,1,0,95,118,5,116,8,0,34,1341,396,0,0,125,2,1,75,3,9,68,22
815,1,914,2,0,23,142,2,116,8,0,166,71,154,1,0,26,2,1,18,0,0,32,13
1467,0,1513,1,0,95,118,5,116,8,0,163,865,396,0,0,133,2,1,75,3,9,68,22
85,0,238,2,0,23,142,2,116,8,0,166,717,227,1,0,24,2,1,18,0,0,31,13
1627,1,1655,2,0,106,67,4,116,8,0,166,921,357,1,0,73,1,2,48,2,1,35,5
1882,0,1894,2,1,153,2,3,116,8,0,166,841,358,1,0,35,2,1,22,2,10,25,17
5,0,163,2,0,141,110,10,116,8,0,166,36,258,1,0,41,2,1,29,0,16,28,21
780,1,883,2,0,97,118,5,28,18,1,166,506,471,1,0,115,2,1,28,0,19,10,19
190,0,335,2,0,23,142,2,116,8,0,166,1457,213,1,0,31,2,1,18,0,0,32,13
1572,0,1608,2,0,93,49,10,116,8,0,166,1657,165,1,0,69,2,1,45,3,15,22,10
1947,0,1954,2,0,60,120,4,116,8,0,166,19,265,1,0,105,2,1,66,0,1,0,23
228,0,371,2,0,23,142,2,116,8,0,166,109,303,1,0,32,2,1,18,0,0,32,13
1518,0,1560,2,0,97,118,5,121,10,1,166,809,92,1,0,78,2,1,53,3,15,1,10
834,0,932,2,0,23,142,2,116,8,0,166,1189,67,1,0,30,2,1,18,0,0,32,13
952,1,1043,2,0,23,142,2,116,8,0,166,1663,136,1,0,24,2,1,18,0,0,32,13
261,0,403,2,1,64,10,10,116,8,0,166,411,258,1,0,102,2,1,66,0,1,28,23
1595,0,1627,2,1,130,144,4,116,8,0,166,65,270,1,1,110,2,1,47,0,0,0,23
1889,0,1900,2,0,23,142,2,116,8,0,166,703,60,1,0,24,2,1,18,0,0,0,13
1399,1,1450,2,0,97,118,5,110,6,1,166,1234,151,1,0,113,2,1,71,3,1,0,3
1084,0,1161,2,1,46,21,2,116,8,0,166,1173,120,1,0,26,2,1,18,0,0,0,13
515,0,634,2,0,23,142,2,116,8,0,166,1446,303,1,0,29,2,1,18,0,0,32,13
250,0,392,2,0,60,120,4,116,8,0,166,779,470,1,0,105,2,1,66,0,1,0,23
678,0,790,2,1,10,128,10,116,8,0,166,344,242,1,0,79,2,1,49,0,21,30,8
148,0,295,2,0,0,54,10,116,8,0,166,708,295,1,0,110,2,1,47,0,0,41,23
1047,0,1130,2,1,172,79,0,116,8,0,166,1714,151,1,0,71,2,1,47,0,0,0,23
62,0,219,2,0,69,23,10,116,8,0,166,33,157,1,0,46,2,1,27,3,1,59,3
1138,0,1212,2,0,99,98,10,116,8,0,166,383,394,1,0,87,2,1,56,0,6,27,17
1293,0,1353,1,0,94,53,5,116,8,0,232,39,33,0,0,74,2,1,50,2,13,0,9
594,0,710,2,0,23,142,2,116,8,0,166,1738,63,1,0,32,2,1,18,0,0,32,13
520,0,639,2,1,43,22,6,116,8,0,166,513,270,1,1,71,2,1,47,0,0,0,23
1335,0,1390,2,0,97,118,5,41,18,1,166,1655,476,1,0,108,2,1,68,3,6,0,10
965,0,1055,2,0,23,142,2,116,8,0,166,812,258,1,0,30,2,1,18,0,0,31,13
1604,1,1634,2,0,23,142,2,116,8,0,166,406,120,1,0,30,2,1,18,0,0,0,13
993,0,1080,2,0,132,33,8,116,8,0,166,1711,419,1,0,8,2,1,5,3,4,32,3
4,0,162,2,1,172,79,0,116,8,0,166,1046,226,1,0,71,2,1,47,0,0,0,23
1201,0,1268,4,1,97,118,5,108,8,1,145,483,132,2,0,20,2,1,14,3,13,0,1
1785,1,1805,2,0,23,142,2,116,8,0,166,1575,408,1,0,26,2,1,18,0,0,0,13
363,0,498,2,0,97,118,5,41,18,1,166,1655,92,1,0,108,2,1,68,3,6,0,10
1434,0,1484,2,0,1,1,8,116,8,0,166,1694,229,1,0,110,2,1,47,0,0,0,23
1644,0,1672,2,0,1,1,8,116,8,0,166,1042,17,1,0,110,2,1,47,0,0,0,23
473,0,596,2,0,7,55,10,116,8,0,166,1533,277,1,1,28,2,1,18,0,0,0,13
414,0,541,2,0,97,118,5,94,1,7,159,899,63,1,1,0,2,1,0,3,27,0,1
777,0,63,2,0,23,142,2,116,8,0,166,1627,114,1,0,24,2,1,18,0,0,32,13
680,1,792,0,0,92,118,2,116,8,0,166,1425,461,1,0,92,2,1,61,3,6,7,10
272,1,414,2,1,150,73,10,116,8,0,166,1581,258,1,0,33,2,1,18,0,0,0,13
1695,0,1719,2,0,23,142,2,116,8,0,166,755,226,1,0,32,2,1,18,0,0,31,13
1701,0,1725,2,0,60,120,4,116,8,0,166,822,271,1,0,105,2,1,66,0,1,0,23
639,0,753,2,0,23,142,2,116,8,0,166,23,114,1,0,29,2,1,18,0,0,0,13
40,0,198,2,0,23,142,2,116,8,0,166,61,147,1,0,29,2,1,18,0,0,32,13
1451,0,1501,2,0,60,120,4,116,8,0,166,553,419,1,0,99,2,1,66,0,1,0,23
212,0,355,4,1,97,118,5,74,8,1,171,1069,299,2,0,134,2,1,79,3,0,0,21
1833,0,1850,2,0,97,118,5,112,1,1,151,1739,230,1,1,71,2,1,47,0,0,0,23
341,0,476,2,0,70,84,10,116,8,0,166,957,413,1,0,83,2,1,23,3,7,0,3
1296,0,1355,2,0,41,100,4,116,8,0,166,956,314,1,0,115,2,1,28,0,19,10,19
685,0,797,1,0,97,118,5,86,8,0,205,662,19,0,0,31,2,1,18,0,0,0,13
441,0,568,2,0,23,142,2,116,8,0,166,530,219,1,0,27,2,1,18,0,0,32,13
1704,0,1728,2,0,175,29,10,116,8,0,166,917,444,1,0,101,0,0,66,0,1,0,23
953,0,75,2,0,97,118,5,95,18,1,166,98,92,1,0,130,2,1,77,3,12,38,10
1032,0,1116,2,0,123,13,10,116,8,0,166,588,419,1,0,105,2,1,66,0,1,0,23
715,0,826,4,1,97,118,5,122,8,1,165,1050,341,2,0,134,2,1,79,3,0,0,21
389,0,520,2,0,23,142,2,116,8,0,166,116,147,1,0,29,2,1,18,0,0,32,13
1706,0,1730,2,0,23,142,2,116,8,0,166,1218,449,1,0,30,2,1,18,0,0,0,13
1940,0,1948,2,0,97,118,5,48,1,1,166,1380,314,1,0,130,2,1,77,3,12,38,10
1014,0,1100,1,0,97,118,5,83,8,0,157,894,72,0,0,134,2,1,79,3,0,0,21
819,0,918,2,0,145,88,10,116,8,0,166,1272,227,1,0,110,2,1,47,0,0,37,23
1191,0,1259,2,0,23,142,2,116,8,0,166,1173,40,1,0,31,2,1,18,0,0,0,13
606,0,52,2,0,97,118,5,43,1,1,219,1702,485,1,0,130,2,1,77,3,12,38,10
222,1,365,2,0,36,35,10,116,8,0,166,1555,357,1,0,98,1,2,65,2,1,0,3
1880,1,1892,1,0,97,118,5,86,8,0,214,757,66,0,0,136,2,1,80,2,7,0,3
951,0,1042,1,0,119,70,5,116,8,0,66,1474,273,0,0,142,2,1,81,3,7,0,3
1773,0,1794,2,0,97,118,5,110,6,1,166,519,435,1,0,113,2,1,71,3,1,0,3
901,0,995,2,1,64,10,10,116,8,0,166,203,258,1,0,99,2,1,66,0,1,28,23
1557,0,1594,2,1,152,95,4,116,8,0,166,1325,208,1,0,83,2,1,23,3,7,25,3
866,0,961,2,0,145,88,10,116,8,0,166,1429,263,1,0,60,2,1,42,2,1,0,4
1541,0,1580,2,0,97,118,5,6,4,7,166,773,151,1,0,110,2,1,47,0,0,40,23
742,0,59,2,1,150,73,10,116,8,0,166,1253,226,1,0,43,2,1,32,2,1,0,2
110,0,261,2,0,97,118,5,6,4,7,166,738,335,1,1,110,2,1,47,0,0,12,23
881,1,976,2,0,97,118,5,110,6,1,109,1023,491,1,0,113,2,1,71,3,1,0,3
1871,0,1885,2,0,23,142,2,116,8,0,166,362,359,1,1,27,2,1,18,0,0,0,13
396,1,527,2,0,23,142,2,116,8,0,166,28,258,1,0,33,2,1,18,0,0,0,13
1767,0,1789,2,0,63,67,4,116,8,0,166,686,440,1,0,73,1,2,48,2,1,0,5
458,0,584,2,0,23,142,2,116,8,0,166,361,8,1,0,33,2,1,18,0,0,0,13
369,0,504,2,0,97,118,5,6,4,7,166,882,300,1,0,110,2,1,47,0,0,0,23
985,0,1073,2,1,64,10,10,116,8,0,166,1000,10,1,0,103,0,0,66,0,1,28,23
1236,0,1302,2,0,23,142,2,116,8,0,166,766,292,1,0,29,2,1,18,0,0,0,13
1453,0,1503,4,1,97,118,5,98,8,1,134,45,229,2,0,134,2,1,79,3,0,0,21
1792,0,1811,2,0,23,142,2,116,8,0,166,1060,193,1,0,24,2,1,18,0,0,32,13
1923,0,1933,2,0,97,118,5,113,18,1,166,1388,326,1,0,92,2,1,61,3,6,7,10
855,0,950,1,0,67,118,5,116,8,0,103,891,367,0,0,41,2,1,29,0,16,25,21
796,0,895,2,0,23,142,2,116,8,0,166,563,71,1,0,28,2,1,18,0,0,0,13
609,0,724,2,0,23,142,2,116,8,0,166,966,419,1,0,33,2,1,18,0,0,0,13
538,0,656,2,0,23,142,2,116,8,0,166,666,213,1,0,31,2,1,18,0,0,32,13
1966,0,1970,4,1,97,118,5,122,8,1,69,31,461,2,0,134,2,1,79,3,0,0,21
113,0,264,2,0,97,118,5,121,10,1,166,539,287,1,0,78,2,1,53,3,15,1,10
1952,1,1958,2,0,23,142,2,116,8,0,166,160,419,1,0,32,2,1,18,0,0,32,13
582,0,699,2,0,23,142,2,116,8,0,166,753,408,1,0,29,2,1,18,0,0,32,13
1585,0,125,2,0,146,62,10,116,8,0,166,961,258,1,0,71,2,1,47,0,0,0,23
557,0,674,2,0,93,49,10,116,8,0,166,1691,383,1,0,37,2,1,24,3,1,51,3
207,0,351,2,0,97,118,5,22,1,5,168,1230,342,1,1,130,2,1,77,3,12,38,10
331,0,466,2,0,23,142,2,116,8,0,166,1282,8,1,0,26,2,1,18,0,0,32,13
1569,0,123,2,0,23,142,2,116,8,0,166,1429,178,1,1,33,2,1,18,0,0,0,13
1592,0,1624,2,0,23,142,2,116,8,0,166,668,419,1,0,30,2,1,18,0,0,0,13
1995,0,1996,2,0,110,48,11,116,8,0,166,132,232,1,0,71,2,1,47,0,0,0,23
738,0,846,2,0,97,118,5,6,4,7,166,830,179,1,0,71,2,1,47,0,0,12,23
1401,0,1452,2,0,97,118,5,48,1,1,166,250,124,1,0,130,2,1,77,3,12,38,10
1096,0,1172,2,0,23,142,2,116,8,0,166,462,258,1,0,27,2,1,18,0,0,0,13
1499,0,1543,2,0,56,103,10,116,8,0,166,91,298,1,0,82,2,1,55,0,21,29,8
574,0,691,2,0,97,118,5,48,1,1,166,1480,90,1,0,71,2,1,47,0,0,0,23
29,0,187,2,0,23,142,2,116,8,0,166,462,467,1,0,31,2,1,18,0,0,0,13
1807,1,1825,2,0,23,142,2,116,8,0,166,419,154,1,0,28,2,1,18,0,0,32,13
947,0,1038,2,0,9,20,10,116,8,0,166,356,196,1,0,105,2,1,66,0,1,0,23
1950,0,152,4,1,97,118,5,122,8,1,100,1368,461,2,0,134,2,1,79,3,0,0,21
135,0,284,2,0,146,62,10,116,8,0,166,1287,483,1,0,71,2,1,47,0,0,0,23
279,0,420,2,0,84,137,10,116,8,0,166,127,306,1,0,110,2,1,47,0,0,0,23
258,0,400,2,0,60,120,4,116,8,0,166,1077,293,1,0,99,2,1,66,0,1,0,23
955,0,1045,2,1,88,85,10,116,8,0,166,54,258,1,0,71,2,1,47,0,0,0,23
1630,1,1658,2,1,156,116,10,116,8,0,166,493,59,1,1,14,2,1,8,2,0,0,4
408,1,536,2,0,145,88,10,116,8,0,166,838,13,1,0,60,2,1,42,2,1,0,4
1721,0,1744,2,0,97,118,5,6,4,7,166,189,16,1,0,71,2,1,47,0,0,12,23
421,0,548,2,0,60,120,4,116,8,0,166,1622,176,1,0,105,2,1,66,0,1,0,23
1273,1,1336,2,0,23,142,2,116,8,0,166,756,63,1,0,32,2,1,18,0,0,0,13
60,1,217,2,0,97,118,5,6,4,7,166,43,198,1,0,110,2,1,47,0,0,12,23
57,0,215,2,0,23,142,2,116,8,0,166,1066,60,1,0,29,2,1,18,0,0,0,13
1756,0,1778,2,0,23,142,2,116,8,0,166,807,63,1,0,27,2,1,18,0,0,32,13
945,0,1036,2,0,23,142,2,116,8,0,166,748,370,1,0,31,2,1,18,0,0,0,13
863,0,958,2,0,113,134,10,116,8,0,166,646,457,1,0,71,2,1,47,0,0,0,23
1799,0,1817,2,0,97,118,5,81,1,7,166,1234,226,1,0,112,2,1,71,3,1,0,3
1009,0,1095,2,0,97,118,5,12,1,7,166,895,74,1,0,110,2,1,47,0,0,0,23
101,0,253,2,0,60,120,4,116,8,0,166,751,314,1,0,102,2,1,66,0,1,0,23
824,0,922,2,1,55,31,4,116,8,0,166,1517,298,1,0,79,2,1,49,0,21,26,8
1093,1,1169,2,0,23,142,2,116,8,0,166,807,213,1,0,24,2,1,18,0,0,32,13
1869,0,1883,2,1,96,44,10,116,8,0,166,1265,413,1,0,83,2,1,23,3,7,25,3
665,0,777,2,0,145,88,10,116,8,0,166,315,352,1,0,60,2,1,42,2,1,32,4
302,0,440,2,1,172,79,0,116,8,0,166,689,226,1,0,71,2,1,47,0,0,0,23
1856,0,1870,2,0,23,142,2,116,8,0,166,768,213,1,0,32,2,1,18,0,0,32,13
1866,0,1880,2,0,23,142,2,116,8,0,166,671,63,1,0,26,2,1,18,0,0,32,13
1103,1,1179,2,0,23,142,2,116,8,0,166,458,412,1,0,24,2,1,18,0,0,32,13
602,0,718,2,0,60,120,4,116,8,0,166,776,283,1,0,102,2,1,66,0,1,0,23
565,0,682,2,1,66,13,10,116,8,0,166,828,258,1,0,41,2,1,29,0,16,26,21
1308,0,1364,2,0,60,120,4,116,8,0,166,1211,51,1,0,105,2,1,66,0,1,0,23
1153,0,1224,2,0,23,142,2,116,8,0,166,354,136,1,0,27,2,1,18,0,0,32,13
1114,1,1188,2,0,23,142,2,116,8,0,166,1379,34,1,0,32,2,1,18,0,0,0,13
1666,0,1691,2,0,23,142,2,116,8,0,166,1635,60,1,0,24,2,1,18,0,0,0,13
1526,0,1567,2,0,23,142,2,116,8,0,166,1185,63,1,0,24,2,1,18,0,0,0,13
1463,0,1509,2,0,97,118,5,50,1,1,28,582,59,1,1,1,2,1,0,3,27,0,1
1980,0,1982,1,0,95,118,5,116,8,0,189,853,113,0,0,140,2,1,81,3,7,54,3
1710,0,1734,2,0,23,142,2,116,8,0,166,328,303,1,0,26,2,1,18,0,0,0,13
493,0,612,2,0,97,118,5,121,10,1,166,480,287,1,0,130,2,1,77,3,12,38,10
197,0,342,2,0,23,142,2,116,8,0,166,194,488,1,1,31,2,1,18,0,0,32,13
142,0,290,1,0,95,118,5,116,8,0,133,1269,396,0,0,125,2,1,75,3,9,68,22
1361,0,1415,2,1,6,40,10,116,8,0,166,618,70,1,0,80,2,1,49,0,21,29,8
692,0,803,2,0,97,118,5,35,18,1,166,234,326,1,0,120,2,1,69,0,17,63,7
936,1,1027,2,0,23,142,2,116,8,0,166,1079,63,1,0,26,2,1,18,0,0,0,13
26,0,184,2,1,150,73,10,116,8,0,166,1376,200,1,0,120,2,1,69,0,17,64,7
1881,0,1893,2,0,97,118,5,121,10,1,166,1288,287,1,0,130,2,1,77,3,12,38,10
400,0,530,2,0,23,142,2,116,8,0,166,966,8,1,0,27,2,1,18,0,0,0,13
508,0,627,2,0,60,120,4,116,8,0,166,1047,419,1,0,99,2,1,66,0,1,0,23
1665,0,1690,2,0,63,67,4,116,8,0,166,113,120,1,0,51,1,2,38,2,1,0,5
417,1,544,2,0,169,138,2,116,8,0,166,211,90,1,0,75,1,2,50,2,13,0,9
355,0,490,2,1,150,73,10,116,8,0,166,669,312,1,0,101,0,0,66,0,1,0,23
428,0,555,2,1,64,10,10,116,8,0,166,901,142,1,0,79,2,1,49,0,21,25,8
1384,1,1436,2,0,116,65,10,116,8,0,166,1091,280,1,0,102,2,1,66,0,1,0,23
1973,0,1977,1,0,95,118,5,116,8,0,186,270,396,0,0,124,1,1,75,3,9,68,22
206,0,350,2,0,60,120,4,116,8,0,166,605,419,1,0,99,2,1,66,0,1,0,23
1045,0,1128,2,0,23,142,2,116,8,0,166,939,254,1,1,31,2,1,18,0,0,32,13
1795,0,1813,2,1,150,73,10,116,8,0,166,1001,128,1,0,102,2,1,66,0,1,0,23
164,0,310,2,0,38,32,4,116,8,0,166,1747,226,1,0,71,2,1,47,0,0,0,23
128,0,23,2,1,46,21,2,116,8,0,166,92,363,1,0,27,2,1,18,0,0,0,13
1826,0,1843,2,0,23,142,2,116,8,0,166,1035,112,1,0,31,2,1,18,0,0,0,13
1844,0,1861,2,0,97,118,5,99,15,4,18,676,12,1,1,70,2,1,46,3,11,0,10
693,0,804,2,0,23,142,2,116,8,0,166,885,244,1,0,27,2,1,18,0,0,32,13
1256,0,1321,2,0,97,118,5,110,6,1,166,718,458,1,0,113,2,1,71,3,1,0,3
1514,0,1556,2,0,69,23,10,116,8,0,166,289,117,1,0,64,2,1,44,0,8,46,20
787,0,888,2,0,60,120,4,116,8,0,166,437,454,1,0,102,2,1,66,0,1,0,23
1492,0,1537,2,0,60,120,4,116,8,0,166,931,297,1,0,99,2,1,66,0,1,0,23
1062,0,1144,2,0,97,118,5,48,1,1,203,1036,337,1,0,130,2,1,77,3,12,38,10
1013,0,1099,2,0,23,142,2,116,8,0,166,85,227,1,0,33,2,1,18,0,0,32,13
315,0,452,4,1,97,118,5,97,8,1,41,393,204,2,0,126,2,1,76,0,6,36,15
1862,1,1876,1,0,95,118,5,116,8,0,79,1201,396,0,0,124,1,1,75,3,9,68,22
1135,0,1209,2,0,69,23,10,116,8,0,166,1186,338,1,0,57,2,1,40,3,4,0,22
1480,0,1526,2,0,23,142,2,116,8,0,166,1414,445,1,0,33,2,1,18,0,0,32,13
1266,0,1331,2,0,97,118,5,121,10,1,166,1284,326,1,0,108,2,1,68,3,6,8,10
996,0,78,2,0,163,52,10,116,8,0,166,1644,360,1,0,110,2,1,47,0,0,0,23
1214,0,1281,2,0,23,142,2,116,8,0,166,68,258,1,0,32,2,1,18,0,0,0,13
1259,0,1324,2,0,23,142,2,116,8,0,166,611,154,1,0,31,2,1,18,0,0,0,13
426,0,553,2,0,74,67,4,116,8,0,166,511,295,1,0,52,1,2,38,2,1,0,5
1670,0,1695,2,0,60,120,4,116,8,0,166,1725,309,1,0,99,2,1,66,0,1,0,23
1414,0,1464,2,0,23,142,2,116,8,0,166,327,67,1,0,26,2,1,18,0,0,31,13
285,0,426,2,0,97,118,5,93,1,5,15,786,32,1,1,71,2,1,47,0,0,12,23
159,0,305,2,1,64,10,10,116,8,0,166,1578,349,1,0,102,2,1,66,0,1,27,23
1430,0,1480,2,0,23,142,2,116,8,0,166,190,244,1,0,28,2,1,18,0,0,31,13
578,0,695,2,0,69,23,10,116,8,0,166,1545,117,1,0,63,2,1,44,0,8,46,20
645,0,759,4,1,97,118,5,122,8,1,24,1640,449,2,0,134,2,1,79,3,0,0,21
1753,0,1775,2,0,23,142,2,116,8,0,166,32,282,1,0,24,2,1,18,0,0,0,13
1431,1,1481,2,0,106,67,4,116,8,0,166,1239,250,1,0,52,1,2,38,2,1,0,5
690,0,801,2,0,58,7,10,116,8,0,166,1690,111,1,0,102,2,1,66,0,1,29,23
793,0,8,2,0,63,67,4,116,8,0,166,537,112,1,0,51,1,2,38,2,1,0,5
1731,1,1754,2,0,23,142,2,116,8,0,166,693,303,1,0,32,2,1,18,0,0,32,13
1668,0,1693,2,0,97,118,5,121,10,1,166,1216,287,1,0,78,2,1,53,3,15,1,10
1334,1,1389,2,1,145,88,10,116,8,0,166,1423,250,1,0,55,2,1,37,2,25,0,5
1971,0,1975,2,1,150,73,10,116,8,0,166,337,154,1,0,105,2,1,66,0,1,0,23
1879,0,1891,2,1,154,64,10,116,8,0,166,1156,486,1,0,39,2,1,27,3,1,57,3
1455,0,1505,2,0,23,142,2,116,8,0,166,817,258,1,0,31,2,1,18,0,0,0,13
1265,1,1330,2,0,169,138,2,116,8,0,166,434,276,1,0,75,1,2,50,2,13,60,9
772,0,876,2,0,23,142,2,116,8,0,166,904,467,1,0,30,2,1,18,0,0,31,13
100,0,252,2,1,96,44,10,116,8,0,166,465,180,1,0,80,2,1,49,0,21,26,8
1762,1,1784,2,0,106,67,4,116,8,0,166,1553,250,1,0,51,1,2,38,2,1,0,5
118,0,269,2,0,60,120,4,116,8,0,166,507,419,1,0,99,2,1,66,0,1,0,23
278,0,419,2,1,150,73,10,116,8,0,166,46,229,1,0,6,2,1,4,2,1,44,4
1298,0,1356,2,0,23,142,2,116,8,0,166,1544,154,1,0,27,2,1,18,0,0,32,13
356,0,491,2,0,23,142,2,116,8,0,166,86,449,1,0,30,2,1,18,0,0,0,13
803,0,902,2,0,60,120,4,116,8,0,166,459,7,1,0,99,2,1,66,0,1,0,23
1318,0,1374,2,1,96,44,10,116,8,0,166,1406,317,1,0,83,2,1,23,3,7,28,3
1693,0,1717,2,0,97,118,5,67,1,1,81,1612,278,1,0,71,2,1,47,0,0,12,23
1628,0,1656,2,0,23,142,2,116,8,0,166,1204,63,1,0,24,2,1,18,0,0,32,13
1383,0,1435,2,0,63,67,4,116,8,0,166,520,363,1,0,52,1,2,38,2,1,32,5
1457,0,112,2,0,23,142,2,116,8,0,166,426,258,1,0,29,2,1,18,0,0,0,13
1555,0,1592,2,0,163,52,10,116,8,0,166,70,233,1,0,110,2,1,47,0,0,0,23
205,0,349,2,0,60,120,4,116,8,0,166,1660,91,1,0,102,2,1,66,0,1,0,23
767,1,871,2,0,23,142,2,116,8,0,166,726,154,1,0,26,2,1,18,0,0,0,13
687,0,799,4,1,97,118,5,98,8,1,35,1639,452,2,0,134,2,1,79,3,0,0,21
165,0,311,2,0,97,118,5,110,6,1,166,1013,5,1,0,6,2,1,4,2,1,44,4
1389,0,1441,4,1,97,118,5,14,8,1,20,677,461,2,0,66,2,1,26,3,0,14,0
146,1,293,2,0,23,142,2,116,8,0,166,1136,419,1,0,24,2,1,18,0,0,0,13
143,0,25,4,1,97,118,5,122,8,1,65,902,461,2,0,134,2,1,79,3,0,0,21
447,0,573,2,0,146,62,10,116,8,0,166,1587,74,1,0,110,2,1,47,0,0,0,23
1327,0,1382,1,0,80,118,5,116,8,0,7,682,373,0,0,134,2,1,79,3,0,0,21
422,0,549,1,0,97,118,5,57,8,0,155,925,209,0,0,3,2,1,1,3,27,0,1
550,0,668,2,0,23,142,2,116,8,0,166,7,449,1,0,27,2,1,18,0,0,32,13
1598,0,129,2,0,157,88,10,116,8,0,166,120,461,1,1,88,1,2,57,2,1,32,3
1978,0,1980,2,0,97,118,5,39,14,1,166,288,480,1,0,78,2,1,53,3,15,2,10
84,0,237,2,0,23,142,2,116,8,0,166,1090,213,1,0,24,2,1,18,0,0,32,13
1023,0,1108,2,0,23,142,2,116,8,0,166,1044,226,1,0,24,2,1,18,0,0,0,13
1003,0,1089,2,1,145,88,10,116,8,0,166,32,419,1,0,50,2,1,37,2,25,0,5
775,1,879,2,0,23,142,2,116,8,0,166,66,313,1,0,29,2,1,18,0,0,0,13
186,0,331,2,0,60,120,4,116,8,0,166,1493,105,1,0,102,2,1,66,0,1,0,23
1297,0,103,2,0,60,120,4,116,8,0,166,1572,419,1,0,105,2,1,66,0,1,0,23
39,1,197,2,0,23,142,2,116,8,0,166,1248,112,1,0,31,2,1,18,0,0,0,13
1357,1,1411,2,0,169,138,2,116,8,0,166,1554,456,1,0,74,2,1,50,2,13,0,9
1924,1,1934,2,0,23,142,2,116,8,0,166,1533,213,1,0,33,2,1,18,0,0,0,13
1026,1,1111,2,1,150,73,10,116,8,0,166,1202,330,1,1,102,2,1,66,0,1,0,23
957,0,1047,2,0,90,112,8,116,8,0,166,1115,306,1,0,71,2,1,47,0,0,0,23
468,0,591,2,0,60,120,4,116,8,0,166,1012,400,1,0,99,2,1,66,0,1,0,23
1098,0,1174,2,0,60,120,4,116,8,0,166,1465,229,1,0,105,2,1,66,0,1,0,23
548,0,666,2,0,23,142,2,116,8,0,166,960,258,1,0,30,2,1,18,0,0,32,13
1,0,159,2,0,23,142,2,116,8,0,166,1048,213,1,0,29,2,1,18,0,0,32,13
1370,0,1423,2,0,23,142,2,116,8,0,166,1148,258,1,0,30,2,1,18,0,0,32,13
895,1,989,2,0,60,120,4,116,8,0,166,5,379,1,0,102,2,1,66,0,1,0,23
1921,0,1931,2,0,97,118,5,113,18,1,166,856,216,1,0,92,2,1,61,3,6,0,10
176,0,321,2,0,97,118,5,43,1,1,55,973,445,1,0,13,2,1,7,2,1,0,4
1944,0,1952,2,0,69,23,10,116,8,0,166,1025,380,1,0,64,2,1,44,0,8,46,20
46,1,204,2,0,23,142,2,116,8,0,166,56,327,1,0,26,2,1,18,0,0,0,13
1122,1,1196,2,0,84,137,10,116,8,0,166,185,63,1,0,71,2,1,47,0,0,0,23
1403,1,1454,2,1,83,113,4,116,8,0,166,604,270,1,1,110,2,1,47,0,0,12,23
1562,0,1599,2,0,97,118,5,6,4,7,166,1548,32,1,1,71,2,1,47,0,0,23,23
452,0,578,2,0,138,53,10,116,8,0,166,815,250,1,0,71,2,1,47,0,0,0,23
260,1,402,2,1,172,79,0,116,8,0,166,1324,255,1,0,110,2,1,47,0,0,0,23
1373,0,1425,2,1,150,73,10,116,8,0,166,1675,258,1,0,26,2,1,18,0,0,32,13
432,0,559,2,1,96,44,10,116,8,0,166,1543,353,1,0,80,2,1,49,0,21,25,8
1565,0,1602,1,0,65,118,5,116,8,0,91,2,273,0,0,134,2,1,79,3,0,36,21
513,0,632,2,0,1,1,8,116,8,0,166,1710,281,1,0,71,2,1,47,0,0,0,23
1406,0,1456,2,0,97,118,5,118,5,1,130,1490,422,1,0,121,2,1,72,1,5,52,12
15,0,173,2,0,23,142,2,116,8,0,166,1149,258,1,0,24,2,1,18,0,0,32,13
1786,0,1806,2,0,97,118,5,121,10,1,166,402,287,1,0,130,2,1,77,3,12,38,10
1365,0,1418,2,0,163,52,10,116,8,0,166,188,151,1,0,110,2,1,47,0,0,61,23
1343,0,1397,2,0,23,142,2,116,8,0,166,78,112,1,0,24,2,1,18,0,0,0,13
1387,0,1439,2,0,23,142,2,116,8,0,166,1681,63,1,0,30,2,1,18,0,0,0,13
253,0,395,2,1,66,13,10,116,8,0,166,99,255,1,0,79,2,1,49,0,21,0,8
751,0,857,2,0,97,118,5,48,1,1,166,335,118,1,0,130,2,1,77,3,12,38,10
12,0,170,2,0,114,4,10,116,8,0,166,621,245,1,1,110,2,1,47,0,0,44,23
1874,0,1887,2,0,74,67,4,116,8,0,166,927,234,1,0,98,1,2,65,2,1,19,3
581,0,698,2,0,23,142,2,116,8,0,166,1617,112,1,0,32,2,1,18,0,0,0,13
1475,0,1521,2,1,46,21,2,116,8,0,166,637,327,1,0,29,2,1,18,0,0,32,13
839,0,937,2,0,97,118,5,22,1,5,210,1150,358,1,1,71,2,1,47,0,0,44,23
306,0,444,2,0,20,19,10,116,8,0,166,546,225,1,0,35,2,1,22,2,10,0,17
1989,0,1990,2,0,23,142,2,116,8,0,166,949,288,1,0,28,2,1,18,0,0,31,13
320,0,457,2,1,66,13,10,116,8,0,166,581,413,1,0,36,2,1,23,3,7,29,3
1700,1,1724,2,0,23,142,2,116,8,0,166,100,363,1,0,33,2,1,18,0,0,0,13
388,1,519,1,0,95,118,5,116,8,0,48,57,396,0,0,132,2,1,75,3,9,68,22
706,0,817,2,0,23,142,2,116,8,0,166,966,60,1,0,33,2,1,18,0,0,0,13
648,0,761,2,0,97,118,5,43,1,1,74,1374,90,1,0,130,2,1,77,3,12,38,10
442,0,569,2,0,1,1,8,116,8,0,166,342,482,1,0,71,2,1,47,0,0,0,23
1574,0,1610,2,0,23,142,2,116,8,0,166,1082,359,1,1,24,2,1,18,0,0,32,13
259,0,401,2,0,97,118,5,121,10,1,166,509,326,1,0,130,2,1,77,3,12,38,10
1290,1,101,2,1,43,22,6,116,8,0,166,760,270,1,1,110,2,1,47,0,0,0,23
1223,0,1290,2,0,23,142,2,116,8,0,166,1696,112,1,0,26,2,1,18,0,0,0,13
1161,0,1231,2,0,50,123,4,116,8,0,166,254,250,1,0,100,0,0,66,0,1,0,23
10,0,168,2,1,150,73,10,116,8,0,166,660,269,1,0,54,2,1,35,2,1,6,5
1294,0,102,2,0,60,120,4,116,8,0,166,605,419,1,0,105,2,1,66,0,1,0,23
842,0,69,2,1,16,5,10,116,8,0,166,1223,24,1,0,112,2,1,71,3,1,39,3
560,0,677,2,0,87,126,10,116,8,0,166,1618,202,1,0,79,2,1,49,0,21,0,8
942,0,1033,2,0,23,142,2,116,8,0,166,466,370,1,0,24,2,1,18,0,0,0,13
1034,0,1118,2,0,173,104,4,116,8,0,166,1735,229,1,0,102,2,1,66,0,1,0,23
1739,1,1762,2,0,63,67,4,116,8,0,166,219,10,1,0,51,1,2,38,2,1,0,5
169,0,315,2,0,23,142,2,116,8,0,166,1295,263,1,0,29,2,1,18,0,0,32,13
596,1,712,2,1,145,88,10,116,8,0,166,1306,54,1,0,50,2,1,37,2,25,0,5
1133,0,1207,2,0,97,118,5,9,18,1,166,1579,92,1,0,65,2,1,12,3,30,46,10
1307,0,1363,2,0,60,120,4,116,8,0,166,485,74,1,0,99,2,1,66,0,1,0,23
1715,0,136,2,0,23,142,2,116,8,0,166,1289,258,1,0,33,2,1,18,0,0,0,13
710,0,821,2,0,23,142,2,116,8,0,166,1362,258,1,0,26,2,1,18,0,0,0,13
978,0,76,2,0,23,142,2,116,8,0,166,1469,63,1,0,29,2,1,18,0,0,0,13
964,0,1054,2,1,156,116,10,116,8,0,166,589,46,1,0,96,2,1,21,0,29,28,8
1376,0,1428,2,0,1,1,8,116,8,0,166,1381,358,1,0,71,2,1,47,0,0,0,23
1925,0,1935,2,0,23,142,2,116,8,0,166,1408,467,1,0,30,2,1,18,0,0,0,13
1148,0,1220,4,1,97,118,5,87,8,1,113,171,172,2,1,105,2,1,66,0,1,0,23
116,0,267,2,0,23,142,2,116,8,0,166,1005,317,1,0,32,2,1,18,0,0,32,13
1895,1,1906,2,0,23,142,2,116,8,0,166,839,445,1,0,30,2,1,18,0,0,32,13
1878,0,146,2,0,97,118,5,61,9,4,166,395,355,1,1,130,2,1,77,3,12,38,10
1157,1,1228,2,0,23,142,2,116,8,0,166,136,151,1,0,33,2,1,18,0,0,0,13
872,0,967,2,1,150,73,10,116,8,0,166,1278,432,1,0,48,2,1,25,3,1,0,3
784,1,885,2,0,145,88,10,116,8,0,166,1564,109,1,0,26,2,1,18,0,0,32,13
1134,0,1208,2,0,63,67,4,116,8,0,166,554,419,1,0,51,1,2,38,2,1,0,5
1396,0,1447,2,0,23,142,2,116,8,0,166,292,449,1,0,33,2,1,18,0,0,0,13
1509,1,1551,2,0,23,142,2,116,8,0,166,766,187,1,0,32,2,1,18,0,0,0,13
434,0,561,2,0,23,142,2,116,8,0,166,574,408,1,0,28,2,1,18,0,0,0,13
23,1,181,2,0,23,142,2,116,8,0,166,1379,240,1,0,26,2,1,18,0,0,0,13
999,1,1085,2,0,23,142,2,116,8,0,166,1754,54,1,0,26,2,1,18,0,0,0,13
1174,0,1243,2,1,155,93,4,116,8,0,166,585,270,1,1,110,2,1,47,0,0,0,23
1353,0,1407,2,1,13,136,10,116,8,0,166,295,76,1,0,110,2,1,47,0,0,0,23
461,0,587,2,1,145,88,10,116,8,0,166,198,449,1,0,55,2,1,37,2,25,0,5
1344,1,1398,2,0,23,142,2,116,8,0,166,1055,178,1,1,30,2,1,18,0,0,0,13
383,0,516,2,0,97,118,5,16,18,1,166,133,289,1,0,115,2,1,28,0,19,10,19
443,0,570,2,0,163,52,10,116,8,0,166,96,45,1,0,71,2,1,47,0,0,0,23
310,0,448,2,0,23,142,2,116,8,0,166,363,60,1,0,24,2,1,18,0,0,0,13
906,0,999,2,0,97,118,5,22,1,5,11,135,331,1,1,130,2,1,77,3,12,38,10
1955,0,1961,1,0,140,118,5,116,8,0,25,441,231,0,0,143,2,1,80,2,7,0,3
233,0,375,2,0,82,115,10,116,8,0,166,1508,258,1,0,102,2,1,66,0,1,0,23
438,1,565,2,0,97,118,5,6,4,7,166,170,257,1,0,110,2,1,47,0,0,0,23
1661,0,1687,2,0,23,142,2,116,8,0,166,173,112,1,0,26,2,1,18,0,0,0,13
959,1,1049,2,1,153,2,3,116,8,0,166,609,290,1,0,131,2,1,78,3,12,38,10
1997,0,1998,2,0,97,118,5,41,18,1,166,1422,289,1,0,130,2,1,77,3,12,38,10
1863,0,1877,2,0,97,118,5,110,6,1,166,1101,483,1,0,112,2,1,71,3,1,0,3
1163,0,1233,2,0,23,142,2,116,8,0,166,32,258,1,0,24,2,1,18,0,0,0,13
1284,0,1345,2,1,96,44,10,116,8,0,166,1664,153,1,0,79,2,1,49,0,21,28,8
76,0,230,2,0,165,0,4,116,8,0,166,1513,260,1,0,71,2,1,47,0,0,0,23
1970,0,1974,1,0,95,118,5,116,8,0,189,678,113,0,0,141,2,1,81,3,7,54,3
53,1,211,2,0,23,142,2,116,8,0,166,1424,303,1,0,26,2,1,18,0,0,32,13
1065,0,1147,2,0,97,118,5,41,18,1,166,855,92,1,0,108,2,1,68,3,6,0,10
1004,0,1090,2,0,97,118,5,64,8,1,143,161,338,1,0,71,2,1,47,0,0,0,23
516,0,635,2,0,145,88,10,116,8,0,166,787,389,1,1,60,2,1,42,2,1,0,4
1709,0,1733,2,0,163,52,10,116,8,0,166,1027,94,1,0,71,2,1,47,0,0,0,23
1714,0,1738,2,0,93,49,10,116,8,0,166,446,182,1,0,39,2,1,27,3,1,0,3
1968,0,1972,2,0,112,98,10,116,8,0,166,1365,298,1,0,80,2,1,49,0,21,0,8
211,0,29,2,0,23,142,2,116,8,0,166,42,230,1,1,33,2,1,18,0,0,0,13
911,1,1003,2,0,69,23,10,116,8,0,166,1135,392,1,0,28,2,1,18,0,0,0,13
150,0,297,2,1,46,21,2,116,8,0,166,1232,40,1,0,33,2,1,18,0,0,32,13
1876,1,1889,2,0,23,142,2,116,8,0,166,1238,112,1,0,32,2,1,18,0,0,0,13
1120,0,1194,2,0,145,88,10,116,8,0,166,1455,151,1,0,60,2,1,42,2,1,0,4
1409,0,1459,2,0,23,142,2,116,8,0,166,632,63,1,0,24,2,1,18,0,0,0,13
1766,0,1788,2,0,23,142,2,116,8,0,166,910,213,1,0,30,2,1,18,0,0,0,13
588,0,704,2,0,169,138,2,116,8,0,166,90,318,1,0,74,2,1,50,2,13,0,9
1272,0,1335,2,0,60,120,4,116,8,0,166,1481,74,1,0,105,2,1,66,0,1,0,23
1728,0,1751,2,0,97,118,5,99,15,4,52,643,59,1,1,130,2,1,77,3,12,38,10
126,0,276,2,0,97,118,5,22,1,5,173,1427,154,1,1,130,2,1,77,3,12,38,10
175,0,320,2,0,60,120,4,116,8,0,166,1235,419,1,0,99,2,1,66,0,1,0,23
1936,0,1944,2,0,23,142,2,116,8,0,166,1546,258,1,0,27,2,1,18,0,0,0,13
774,0,878,2,0,163,52,10,116,8,0,166,1081,258,1,0,110,2,1,47,0,0,0,23
572,0,689,2,0,23,142,2,116,8,0,166,265,151,1,0,32,2,1,18,0,0,32,13
1278,0,100,1,0,164,6,5,116,8,0,78,1301,2,0,0,89,1,1,58,0,18,36,11
990,0,1077,2,0,23,142,2,116,8,0,166,648,13,1,0,30,2,1,18,0,0,0,13
1945,0,1953,2,0,23,142,2,116,8,0,166,1656,363,1,0,33,2,1,18,0,0,32,13
773,0,877,2,1,8,21,2,116,8,0,166,1145,419,1,0,36,2,1,23,3,7,29,3
469,1,592,2,0,23,142,2,116,8,0,166,930,313,1,0,33,2,1,18,0,0,32,13
1608,0,1638,2,1,96,44,10,116,8,0,166,1712,357,1,0,83,2,1,23,3,7,26,3
1246,1,1312,2,0,23,142,2,116,8,0,166,1429,230,1,1,30,2,1,18,0,0,0,13
319,0,456,2,0,29,94,10,116,8,0,166,313,258,1,0,6,2,1,4,2,1,44,4
1088,0,1164,2,0,56,103,10,116,8,0,166,1167,420,1,0,82,2,1,55,0,21,28,8
1864,1,1878,2,0,23,142,2,116,8,0,166,672,67,1,0,29,2,1,18,0,0,0,13
1992,1,1993,2,0,23,142,2,116,8,0,166,1438,112,1,0,26,2,1,18,0,0,0,13
1658,0,133,2,0,23,142,2,116,8,0,166,8,114,1,0,30,2,1,18,0,0,32,13
1564,0,1601,2,0,97,118,5,94,1,7,111,792,226,1,1,5,2,1,3,2,14,0,1
1306,1,105,2,0,163,52,10,116,8,0,166,819,258,1,0,71,2,1,47,0,0,0,23
750,0,856,2,0,23,142,2,116,8,0,166,1442,419,1,0,28,2,1,18,0,0,31,13
1169,0,1238,1,0,119,70,5,116,8,0,66,1474,273,0,0,138,2,1,81,3,7,0,3
1915,0,148,2,1,153,2,3,116,8,0,166,652,103,1,0,110,2,1,47,0,0,0,23
193,0,338,2,0,0,54,10,116,8,0,166,1460,63,1,0,71,2,1,47,0,0,0,23
221,0,364,2,0,28,139,4,116,8,0,166,123,413,1,0,102,2,1,66,0,1,51,23
1932,0,1941,2,0,23,142,2,116,8,0,166,352,20,1,0,30,2,1,18,0,0,0,13
1678,0,135,2,0,60,120,4,116,8,0,166,1342,419,1,0,102,2,1,66,0,1,0,23
703,0,814,2,1,97,118,5,105,1,1,166,1299,77,1,0,46,2,1,27,3,1,59,3
542,0,660,2,0,60,120,4,116,8,0,166,507,419,1,0,99,2,1,66,0,1,0,23
27,1,185,2,0,97,118,5,43,1,1,142,278,450,1,0,130,2,1,77,3,12,38,10
382,0,515,2,0,97,118,5,121,10,1,166,829,287,1,0,78,2,1,53,3,15,1,10
230,0,3,2,1,96,44,10,116,8,0,166,968,423,1,0,79,2,1,49,0,21,30,8
242,0,384,2,0,23,142,2,116,8,0,166,1273,258,1,0,32,2,1,18,0,0,32,13
1520,1,1561,2,0,63,67,4,116,8,0,166,1468,258,1,0,90,1,2,59,2,0,0,3
1471,0,1517,2,0,23,142,2,116,8,0,166,1641,419,1,0,31,2,1,18,0,0,0,13
1444,0,1494,2,0,97,118,5,79,17,5,166,1,160,1,0,119,2,1,69,0,17,63,7
267,0,409,2,0,23,142,2,116,8,0,166,538,112,1,0,27,2,1,18,0,0,0,13
1502,0,1546,2,0,98,124,4,116,8,0,166,1237,10,1,0,35,2,1,22,2,10,25,17
1352,0,1406,2,1,150,73,10,116,8,0,166,1357,374,1,0,43,2,1,32,2,1,0,2
564,0,681,2,0,23,142,2,116,8,0,166,89,35,1,0,29,2,1,18,0,0,0,13
1129,0,1203,2,0,97,118,5,110,6,1,144,1033,491,1,0,113,2,1,71,3,1,0,3
534,0,652,2,0,23,142,2,116,8,0,166,1593,258,1,0,26,2,1,18,0,0,0,13
52,1,210,2,0,97,118,5,84,1,3,166,1707,359,1,1,71,2,1,47,0,0,42,23
489,1,609,2,0,23,142,2,116,8,0,166,331,213,1,0,26,2,1,18,0,0,32,13
854,0,949,2,1,130,144,4,116,8,0,166,1444,270,1,1,71,2,1,47,0,0,0,23
1849,1,144,2,1,145,88,10,116,8,0,166,798,213,1,0,55,2,1,37,2,25,0,5
1128,0,1202,2,0,1,1,8,116,8,0,166,999,321,1,0,110,2,1,47,0,0,61,23
380,1,514,2,0,141,110,10,116,8,0,166,583,59,1,1,41,2,1,29,0,16,0,21
1646,1,132,2,0,97,118,5,110,6,1,182,325,257,1,0,6,2,1,4,2,1,44,4
1576,0,1612,2,0,56,103,10,116,8,0,166,1221,298,1,0,82,2,1,55,0,21,28,8
566,0,683,2,0,97,118,5,25,18,5,166,1176,289,1,0,130,2,1,77,3,12,38,10
1823,0,1840,2,1,145,88,10,116,8,0,166,709,334,1,0,26,2,1,18,0,0,0,13
1568,0,1605,2,0,23,142,2,116,8,0,166,17,258,1,0,31,2,1,18,0,0,32,13
713,0,824,2,0,1,1,8,116,8,0,166,312,63,1,0,110,2,1,47,0,0,0,23
184,0,329,2,0,23,142,2,116,8,0,166,464,258,1,0,33,2,1,18,0,0,32,13
915,0,1007,2,0,23,142,2,116,8,0,166,474,370,1,0,24,2,1,18,0,0,0,13
1789,0,1808,2,0,70,84,10,116,8,0,166,72,258,1,0,83,2,1,23,3,7,28,3
728,1,837,4,1,97,118,5,97,8,1,1,517,449,2,0,128,2,1,76,0,6,36,15
1804,0,1822,2,0,98,124,4,116,8,0,166,597,359,1,1,87,2,1,56,0,6,0,17
117,0,268,2,0,69,23,10,116,8,0,166,196,419,1,0,40,2,1,27,3,1,0,3
1417,0,1467,2,0,63,67,4,116,8,0,166,874,50,1,0,72,1,2,48,2,1,44,5
995,0,1082,2,0,23,142,2,116,8,0,166,1111,213,1,0,33,2,1,18,0,0,32,13
275,0,416,2,0,23,142,2,116,8,0,166,1722,150,1,0,28,2,1,18,0,0,0,13
125,0,275,2,0,141,110,10,116,8,0,166,837,459,1,0,41,2,1,29,0,16,30,21
575,0,692,2,1,16,5,10,116,8,0,166,223,63,1,0,113,2,1,71,3,1,0,3
1681,0,1705,2,0,97,118,5,5,0,1,166,37,316,1,0,71,2,1,47,0,0,0,23
1144,0,1216,2,0,23,142,2,116,8,0,166,139,151,1,0,27,2,1,18,0,0,0,13
496,0,615,2,0,23,142,2,116,8,0,166,350,63,1,0,28,2,1,18,0,0,31,13
883,1,978,2,0,51,61,10,116,8,0,166,534,213,1,0,33,2,1,18,0,0,31,13
1649,0,1676,2,0,23,142,2,116,8,0,166,1736,303,1,0,27,2,1,18,0,0,32,13
1507,0,1549,2,0,97,118,5,10,1,1,239,1582,147,1,2,32,2,1,18,0,0,32,13
465,0,589,4,1,97,118,5,122,8,1,49,623,461,2,0,134,2,1,79,3,0,0,21
1193,0,1260,2,0,69,23,10,116,8,0,166,1679,276,1,0,32,2,1,18,0,0,32,13
327,0,35,2,0,23,142,2,116,8,0,166,1209,194,1,0,30,2,1,18,0,0,32,13
1063,1,1145,4,1,97,118,5,40,8,1,211,1224,291,2,1,102,2,1,66,0,1,0,23
445,1,571,2,0,63,67,4,116,8,0,166,763,112,1,0,51,1,2,38,2,1,0,5
36,0,194,2,0,1,1,8,116,8,0,166,740,85,1,0,110,2,1,47,0,0,0,23
1251,0,98,2,1,150,73,10,116,8,0,166,1506,483,1,0,99,2,1,66,0,1,0,23
215,0,358,2,0,74,67,4,116,8,0,166,438,250,1,0,52,1,2,38,2,1,31,5
700,0,811,1,0,34,87,5,116,8,0,88,1318,134,0,0,93,1,1,62,0,7,26,2
1082,0,1159,2,0,23,142,2,116,8,0,166,527,258,1,0,32,2,1,18,0,0,0,13
109,0,260,2,0,23,142,2,116,8,0,166,1291,213,1,0,27,2,1,18,0,0,0,13
368,1,503,1,0,95,118,5,116,8,0,93,1471,396,0,0,133,2,1,75,3,9,68,22
791,1,66,2,0,36,35,10,116,8,0,166,1555,357,1,0,98,1,2,65,2,1,0,3
174,1,319,2,0,23,142,2,116,8,0,166,1495,34,1,0,26,2,1,18,0,0,31,13
1673,0,1698,2,1,145,88,10,116,8,0,166,238,154,1,0,50,2,1,37,2,25,32,5
1524,0,1565,2,0,23,142,2,116,8,0,166,953,263,1,0,29,2,1,18,0,0,0,13
1124,1,1198,2,0,23,142,2,116,8,0,166,50,151,1,0,26,2,1,18,0,0,0,13
1271,0,1,2,0,23,142,2,116,8,0,166,489,114,1,0,30,2,1,18,0,0,32,13
1536,0,1575,2,0,23,142,2,116,8,0,166,1580,359,1,1,31,2,1,18,0,0,0,13
1143,0,1215,2,0,97,118,5,59,8,1,14,218,191,1,0,71,2,1,47,0,0,0,23
1707,0,1731,2,1,10,128,10,116,8,0,166,1483,180,1,0,59,2,1,41,2,1,27,4
900,0,994,2,0,97,118,5,17,9,1,166,1334,151,1,0,130,2,1,77,3,12,38,10
976,0,1066,2,0,23,142,2,116,8,0,166,656,226,1,0,24,2,1,18,0,0,0,13
429,0,556,2,0,97,118,5,77,18,1,166,1360,469,1,0,120,2,1,69,0,17,63,7
662,0,774,2,0,97,118,5,59,8,1,174,347,56,1,0,110,2,1,47,0,0,0,23
346,0,481,4,1,97,118,5,31,8,1,124,1192,461,3,1,134,2,1,79,3,0,0,21
1552,1,1590,2,0,146,62,10,116,8,0,166,338,250,1,0,71,2,1,47,0,0,0,23
1842,0,1859,2,0,23,142,2,116,8,0,166,1560,458,1,0,31,2,1,18,0,0,32,13
1378,0,1430,2,0,23,142,2,116,8,0,166,675,225,1,0,29,2,1,18,0,0,0,13
1360,0,1414,2,0,41,100,4,116,8,0,166,1018,65,1,0,71,2,1,47,0,0,0,23
973,0,1063,2,0,23,142,2,116,8,0,166,733,20,1,0,30,2,1,18,0,0,0,13
1048,0,1131,2,0,97,118,5,80,18,1,166,908,471,1,0,115,2,1,28,0,19,10,19
254,0,396,2,1,105,72,3,116,8,0,166,613,452,1,0,110,2,1,47,0,0,0,23
418,0,545,2,0,23,142,2,116,8,0,166,1566,120,1,0,29,2,1,18,0,0,32,13
846,0,941,2,0,1,1,8,116,8,0,166,616,220,1,0,110,2,1,47,0,0,0,23
140,0,288,2,1,150,73,10,116,8,0,166,1619,0,1,0,48,2,1,25,3,1,0,3
47,0,205,2,1,150,73,10,116,8,0,166,1017,56,1,0,43,2,1,32,2,1,0,2
1677,0,1702,2,0,60,120,4,116,8,0,166,1331,105,1,0,99,2,1,66,0,1,0,23
781,0,884,2,0,145,88,10,116,8,0,166,1309,54,1,0,60,2,1,42,2,1,0,4
1381,0,1433,2,0,23,142,2,116,8,0,166,115,258,1,0,27,2,1,18,0,0,32,13
871,1,966,2,0,97,118,5,121,10,1,166,750,92,1,0,108,2,1,68,3,6,0,10
837,0,935,2,0,126,3,4,116,8,0,166,1326,158,1,0,41,2,1,29,0,16,0,21
1407,0,1457,2,1,152,95,4,116,8,0,166,1521,357,1,0,36,2,1,23,3,7,28,3
344,0,479,2,0,23,142,2,116,8,0,166,397,123,1,1,28,2,1,18,0,0,31,13
688,0,56,2,0,97,118,5,6,4,7,166,1219,258,1,0,110,2,1,47,0,0,0,23
357,0,492,2,0,23,142,2,116,8,0,166,1179,382,1,0,24,2,1,18,0,0,32,13
136,1,24,2,0,60,120,4,116,8,0,166,1184,419,1,0,99,2,1,66,0,1,0,23
180,0,325,2,0,23,142,2,116,8,0,166,373,150,1,0,33,2,1,18,0,0,0,13
1877,0,1890,2,0,21,140,3,116,8,0,166,1286,83,1,0,71,2,1,47,0,0,0,23
651,0,763,2,0,23,142,2,116,8,0,166,683,187,1,0,24,2,1,18,0,0,0,13
364,0,499,2,1,46,21,2,116,8,0,166,633,258,1,0,32,2,1,18,0,0,0,13
1450,0,1500,2,1,46,21,2,116,8,0,166,247,258,1,0,29,2,1,18,0,0,0,13
1855,0,1869,2,0,97,118,5,39,14,1,166,182,107,1,0,130,2,1,77,3,12,38,10
1482,0,1528,2,1,55,31,4,116,8,0,166,1385,197,1,0,80,2,1,49,0,21,0,8
1241,0,1307,2,0,23,142,2,116,8,0,166,1615,258,1,0,26,2,1,18,0,0,0,13
1321,0,1377,2,0,23,142,2,116,8,0,166,1074,414,1,0,24,2,1,18,0,0,0,13
1020,0,1106,2,0,23,142,2,116,8,0,166,772,370,1,0,29,2,1,18,0,0,0,13
1547,0,1585,2,0,163,52,10,116,8,0,166,1507,458,1,0,110,2,1,47,0,0,0,23
555,0,672,2,0,23,142,2,116,8,0,166,1482,213,1,0,24,2,1,18,0,0,32,13
241,0,383,2,0,97,118,5,43,1,1,121,510,25,1,0,130,2,1,77,3,12,38,10
1573,0,1609,2,1,150,73,10,116,8,0,166,701,225,1,0,105,2,1,66,0,1,0,23
96,1,249,2,0,23,142,2,116,8,0,166,94,63,1,0,26,2,1,18,0,0,32,13
1578,0,1614,2,0,23,142,2,116,8,0,166,1721,151,1,0,30,2,1,18,0,0,32,13
268,0,410,2,0,63,67,4,116,8,0,166,1285,47,1,0,52,1,2,38,2,1,0,5
1996,0,1997,2,0,97,118,5,104,13,5,166,696,26,1,1,130,2,1,77,3,12,38,10
1125,0,1199,2,0,23,142,2,116,8,0,166,1431,327,1,0,30,2,1,18,0,0,32,13
456,0,582,2,0,48,43,4,116,8,0,166,990,151,1,0,105,2,1,66,0,1,0,23
1419,0,1469,4,1,97,118,5,33,8,1,90,657,344,3,0,99,2,1,66,0,1,0,23
1031,0,1115,4,1,97,118,5,88,8,1,35,1639,452,2,0,134,2,1,79,3,0,0,21
1901,1,1912,2,0,23,142,2,116,8,0,166,1701,258,1,0,24,2,1,18,0,0,0,13
252,0,394,2,0,59,117,10,116,8,0,166,1321,391,1,0,102,2,1,66,0,1,40,23
1801,0,1819,2,0,23,142,2,116,8,0,166,433,303,1,0,31,2,1,18,0,0,0,13
1261,0,1326,2,0,23,142,2,116,8,0,166,719,303,1,0,26,2,1,18,0,0,32,13
1464,0,1510,2,0,1,1,8,116,8,0,166,1181,116,1,0,110,2,1,47,0,0,0,23
1835,0,1852,2,0,97,118,5,48,1,1,166,372,36,1,0,130,2,1,77,3,12,38,10
1415,0,1465,2,1,145,88,10,116,8,0,166,731,114,1,0,102,2,1,66,0,1,24,23
271,0,413,2,0,23,142,2,116,8,0,166,1577,63,1,0,32,2,1,18,0,0,0,13
1303,0,104,2,1,150,73,10,116,8,0,166,600,368,1,0,102,2,1,66,0,1,0,23
597,0,713,2,0,23,142,2,116,8,0,166,275,120,1,0,32,2,1,18,0,0,32,13
1571,0,1607,2,1,97,118,5,72,1,1,37,389,368,1,0,110,2,1,47,0,0,0,23
889,0,983,2,0,97,118,5,80,18,1,166,1375,326,1,0,120,2,1,69,0,17,0,7
185,0,330,2,0,60,120,4,116,8,0,166,1700,419,1,0,105,2,1,66,0,1,0,23
403,0,533,2,0,23,142,2,116,8,0,166,1160,408,1,0,29,2,1,18,0,0,0,13
1224,0,1291,2,0,60,120,4,116,8,0,166,846,457,1,0,99,2,1,66,0,1,0,23
1699,0,1723,2,0,97,118,5,6,4,7,166,1558,144,1,0,110,2,1,47,0,0,12,23
1410,0,1460,2,0,97,118,5,101,1,1,187,4,181,1,0,104,1,2,66,0,1,0,23
1741,0,1764,2,0,23,142,2,116,8,0,166,611,114,1,0,26,2,1,18,0,0,0,13
1112,0,1186,2,0,163,52,10,116,8,0,166,1337,156,1,0,110,2,1,47,0,0,0,23
1725,0,1748,2,0,60,120,4,116,8,0,166,1531,239,1,0,105,2,1,66,0,1,0,23
1257,0,1322,2,0,23,142,2,116,8,0,166,1607,146,1,0,33,2,1,18,0,0,0,13
1042,1,1126,2,0,23,142,2,116,8,0,166,1074,363,1,0,28,2,1,18,0,0,0,13
1150,0,1221,2,0,23,142,2,116,8,0,166,514,370,1,0,32,2,1,18,0,0,0,13
1462,0,114,2,0,23,142,2,116,8,0,166,1596,370,1,0,30,2,1,18,0,0,0,13
203,0,347,2,0,23,142,2,116,8,0,166,640,258,1,0,30,2,1,18,0,0,32,13
1935,0,1943,2,0,93,49,10,116,8,0,166,1551,455,1,0,80,2,1,49,0,21,28,8
1528,0,1569,2,1,102,59,7,116,8,0,166,712,63,1,0,116,2,1,70,0,23,0,7
1765,0,1787,2,1,145,88,10,116,8,0,166,766,276,1,0,50,2,1,37,2,25,0,5
1288,1,1349,2,0,36,35,10,116,8,0,166,1555,357,1,0,97,1,2,65,2,1,0,3
1393,1,1444,2,0,74,67,4,116,8,0,166,301,368,1,0,73,1,2,48,2,1,0,5
340,0,475,2,0,143,145,10,116,8,0,166,88,314,1,0,46,2,1,27,3,1,0,3
523,0,642,2,0,97,118,5,121,10,1,166,1751,326,1,0,121,2,1,72,1,5,55,12
78,0,232,2,0,97,118,5,22,1,5,152,1491,300,1,1,71,2,1,47,0,0,0,23
384,0,38,2,0,60,120,4,116,8,0,166,507,419,1,0,105,2,1,66,0,1,0,23
307,1,445,2,0,145,88,10,116,8,0,166,1335,8,1,0,29,2,1,18,0,0,32,13
471,0,594,1,0,119,70,5,116,8,0,66,1474,273,0,0,142,2,1,81,3,7,0,3
1822,0,1839,2,1,55,31,4,116,8,0,166,664,226,1,0,79,2,1,49,0,21,26,8
1397,0,1448,2,0,97,118,5,41,18,1,166,1574,469,1,0,78,2,1,53,3,15,1,10
1816,0,1834,2,0,23,142,2,116,8,0,166,353,8,1,0,30,2,1,18,0,0,0,13
1363,0,1417,2,1,145,88,10,116,8,0,166,1379,258,1,0,31,2,1,18,0,0,0,13
1227,0,1294,2,0,23,142,2,116,8,0,166,781,419,1,0,32,2,1,18,0,0,32,13
69,0,224,2,0,23,142,2,116,8,0,166,909,467,1,0,32,2,1,18,0,0,0,13
1664,0,1689,2,0,60,120,4,116,8,0,166,319,206,1,0,102,2,1,66,0,1,0,23
157,0,303,2,0,63,67,4,116,8,0,166,1538,419,1,0,73,1,2,48,2,1,0,5
470,1,593,2,0,23,142,2,116,8,0,166,1441,126,1,0,28,2,1,18,0,0,32,13
1477,0,1523,2,0,63,67,4,116,8,0,166,153,31,1,0,73,1,2,48,2,1,0,5
1911,0,1922,2,0,97,118,5,6,4,7,166,629,198,1,0,71,2,1,47,0,0,23,23
1733,0,1756,2,0,97,118,5,0,1,5,229,67,425,1,1,71,2,1,47,0,0,0,23
119,0,270,2,0,60,120,4,116,8,0,166,282,393,1,0,105,2,1,66,0,1,0,23
390,0,521,2,0,97,118,5,12,1,7,166,977,229,1,0,71,2,1,47,0,0,36,23
732,1,840,2,0,23,142,2,116,8,0,166,1379,120,1,0,26,2,1,18,0,0,0,13
1051,0,1134,2,1,135,73,10,116,8,0,166,1161,444,1,0,100,0,0,66,0,1,0,23
1791,0,1810,2,0,23,142,2,116,8,0,166,199,63,1,0,30,2,1,18,0,0,31,13
1044,0,1127,2,1,64,10,10,116,8,0,166,1573,258,1,0,105,2,1,66,0,1,25,23
129,0,278,2,0,17,108,10,116,8,0,166,1382,151,1,0,110,2,1,47,0,0,0,23
1964,0,1968,2,0,69,23,10,116,8,0,166,1421,63,1,0,37,2,1,24,3,1,0,3
811,1,910,2,0,23,142,2,116,8,0,166,1648,151,1,0,26,2,1,18,0,0,0,13
1510,0,1552,2,0,23,142,2,116,8,0,166,365,34,1,0,28,2,1,18,0,0,32,13
671,0,783,2,0,23,142,2,116,8,0,166,611,408,1,0,28,2,1,18,0,0,0,13
1708,0,1732,2,0,127,122,10,116,8,0,166,1099,258,1,0,26,2,1,18,0,0,0,13
640,0,754,2,1,150,73,10,116,8,0,166,1028,284,1,0,105,2,1,66,0,1,0,23
862,0,957,2,0,23,142,2,116,8,0,166,118,42,1,0,31,2,1,18,0,0,0,13
204,0,348,2,0,23,142,2,116,8,0,166,633,226,1,0,29,2,1,18,0,0,0,13
1930,0,149,2,1,66,13,10,116,8,0,166,163,225,1,0,41,2,1,29,0,16,30,21
398,0,529,2,1,150,73,10,116,8,0,166,1338,375,1,0,101,0,0,66,0,1,0,23
373,0,508,2,0,97,118,5,80,18,1,166,1650,326,1,0,119,2,1,69,0,17,63,7
617,0,732,2,0,97,118,5,43,1,1,166,1405,449,1,0,11,2,1,6,2,1,0,4
481,0,603,2,0,97,118,5,110,6,1,188,1039,195,1,0,11,2,1,6,2,1,0,4
563,0,680,2,0,151,127,2,116,8,0,166,684,110,1,0,131,2,1,78,3,12,38,10
509,0,628,2,0,163,52,10,116,8,0,166,1190,37,1,0,110,2,1,47,0,0,0,23
112,0,263,2,0,60,120,4,116,8,0,166,542,104,1,0,99,2,1,66,0,1,0,23
1532,0,1572,2,0,97,118,5,110,6,1,86,107,8,1,0,6,2,1,4,2,1,0,4
1543,0,1582,2,0,23,142,2,116,8,0,166,1611,258,1,0,27,2,1,18,0,0,0,13
177,0,322,2,0,23,142,2,116,8,0,166,1577,13,1,0,31,2,1,18,0,0,0,13
1967,0,1971,4,1,97,118,5,97,8,1,156,596,461,2,2,128,2,1,76,0,6,36,15
1990,0,1991,2,0,97,118,5,29,1,1,193,992,119,1,2,99,2,1,66,0,1,0,23
543,0,661,2,0,23,142,2,116,8,0,166,379,451,1,0,30,2,1,18,0,0,0,13
1180,0,1249,2,0,60,120,4,116,8,0,166,550,271,1,0,105,2,1,66,0,1,0,23
1388,1,1440,2,0,23,142,2,116,8,0,166,635,112,1,0,26,2,1,18,0,0,0,13
181,0,326,2,0,23,142,2,116,8,0,166,1003,463,1,0,27,2,1,18,0,0,32,13
1637,0,1665,2,0,60,120,4,116,8,0,166,758,424,1,0,102,2,1,66,0,1,0,23
249,1,391,2,0,23,142,2,116,8,0,166,243,385,1,1,28,2,1,18,0,0,0,13
1867,0,1881,2,0,97,118,5,6,4,7,166,391,258,1,0,71,2,1,47,0,0,0,23
281,0,422,1,0,79,16,5,116,8,0,120,1473,304,0,0,141,2,1,81,3,7,26,3
1755,0,1777,1,0,80,118,5,116,8,0,7,682,373,0,0,134,2,1,79,3,0,0,21
888,1,982,2,0,63,67,4,116,8,0,166,1073,363,1,0,52,1,2,38,2,1,32,5
1248,1,1314,2,1,16,5,10,116,8,0,166,151,225,1,0,36,2,1,23,3,7,25,3
1385,1,1437,2,0,97,118,5,121,10,1,166,176,287,1,0,130,2,1,77,3,12,38,10
1645,0,1673,2,0,23,142,2,116,8,0,166,953,1,1,0,29,2,1,18,0,0,0,13
1845,0,1862,2,0,23,142,2,116,8,0,166,87,151,1,0,31,2,1,18,0,0,31,13
106,0,257,2,0,23,142,2,116,8,0,166,1160,151,1,0,32,2,1,18,0,0,0,13
1912,0,1923,2,1,64,10,10,116,8,0,166,788,258,1,0,99,2,1,66,0,1,29,23
1732,0,1755,2,1,85,149,10,116,8,0,166,926,204,1,0,40,2,1,27,3,1,0,3
1432,0,1482,2,0,23,142,2,116,8,0,166,1151,370,1,0,32,2,1,18,0,0,0,13
14,0,172,2,0,97,118,5,80,18,1,166,782,326,1,0,120,2,1,69,0,17,0,7
792,0,892,1,0,68,83,5,116,8,0,2,1563,174,0,0,74,2,1,50,2,13,0,9
1386,0,1438,2,0,60,120,4,116,8,0,166,1235,419,1,0,102,2,1,66,0,1,0,23
217,0,360,2,0,23,142,2,116,8,0,166,1346,8,1,0,33,2,1,18,0,0,32,13
749,0,855,1,0,73,96,5,116,8,0,117,261,421,0,0,25,1,1,18,0,0,32,13
620,1,735,2,0,97,118,5,120,1,1,147,22,368,1,0,18,2,1,13,2,1,0,0
986,0,1074,2,0,12,57,10,116,8,0,166,1411,139,1,0,117,2,1,70,0,23,0,7
1907,0,1918,2,1,16,5,10,116,8,0,166,1454,252,1,0,79,2,1,49,0,21,25,8
1679,0,1703,2,1,125,105,10,116,8,0,166,452,409,1,0,79,2,1,49,0,21,30,8
1197,0,1264,2,0,23,142,2,116,8,0,166,793,449,1,0,29,2,1,18,0,0,31,13
1000,0,1086,2,0,23,142,2,116,8,0,166,574,258,1,0,31,2,1,18,0,0,0,13
415,0,542,2,0,23,142,2,116,8,0,166,1063,258,1,0,32,2,1,18,0,0,0,13
1722,0,1745,2,0,141,110,10,116,8,0,166,201,180,1,0,41,2,1,29,0,16,30,21
1904,0,1915,2,0,23,142,2,116,8,0,166,154,425,1,1,28,2,1,18,0,0,32,13
1953,0,1959,2,1,66,13,10,116,8,0,166,695,419,1,0,37,2,1,24,3,1,0,3
448,0,574,2,1,88,85,10,116,8,0,166,79,416,1,0,71,2,1,47,0,0,0,23
1529,1,1570,2,0,23,142,2,116,8,0,166,762,63,1,0,28,2,1,18,0,0,32,13
636,0,750,2,0,23,142,2,116,8,0,166,1577,248,1,0,24,2,1,18,0,0,0,13
1723,0,1746,2,0,98,124,4,116,8,0,166,424,10,1,0,35,2,1,22,2,10,30,17
325,0,462,2,0,97,118,5,1,1,4,75,477,60,1,0,29,2,1,18,0,0,0,13
1392,0,1443,2,0,1,1,8,116,8,0,166,1704,419,1,0,71,2,1,47,0,0,0,23
851,0,946,2,0,145,88,10,116,8,0,166,262,418,1,0,60,2,1,42,2,1,32,4
1676,0,1701,2,1,150,73,10,116,8,0,166,144,189,1,0,118,2,1,70,0,23,67,7
70,0,19,2,1,148,66,10,116,8,0,166,1703,163,1,0,60,2,1,42,2,1,0,4
1831,0,1848,2,0,23,142,2,116,8,0,166,1552,74,1,0,28,2,1,18,0,0,32,13
